INSERT INTO ADDRESS (Id, Name, Street_Address, City, State_Code, Zip)
VALUES (1, 'The Ohio State University', '281 W. Lane Ave', 'Columbus', 'OH', '43210');

INSERT INTO ADDRESS (Id, Name, Street_Address, City, State_Code, Zip)
VALUES (2, 'Thompson Library', '1858 Neil Ave', 'Columbus', 'OH', '43210');

INSERT INTO ADDRESS (Id, Name, Street_Address, City, State_Code, Zip)
VALUES (3, 'Eighteenth Avenue Library', '175 W. 18th Ave', 'Columbus', 'OH', '43210');

INSERT INTO ADDRESS (Id, Name, Street_Address, City, State_Code, Zip)
VALUES (4, 'Library Book Depository', '2700 Kenny Rd', 'Columbus', 'OH', '43210');

INSERT INTO ADDRESS (Id, Name, Street_Address, City, State_Code, Zip)
VALUES (5, 'Dreese Laboratories', '2015 Neil Ave', 'Columbus', 'OH', '43210');

INSERT INTO ADDRESS (Id, Name, Street_Address, City, State_Code, Zip)
VALUES (6, 'Caldwell Laboratory', '2024 Neil Ave', 'Columbus', 'OH', '43210');

INSERT INTO ADDRESS (Id, Name, Street_Address, City, State_Code, Zip)
VALUES (7, 'Baker Systems Engineering', '1971 Neil Ave', 'Columbus', 'OH', '43210');

INSERT INTO ADDRESS (Id, Name, Street_Address, City, State_Code, Zip)
VALUES (8, 'Bolz Hall', '2036 Neil Ave', 'Columbus', 'OH', '43210');

INSERT INTO ADDRESS (Id, Name, Street_Address, City, State_Code, Zip)
VALUES (9, 'Random Address 1', '610 Oak Avenue', 'Coatesville', 'PA', '19320');

INSERT INTO ADDRESS (Id, Name, Street_Address, City, State_Code, Zip)
VALUES (10, 'Random Address 2', '410 Howard Street', 'Washington', 'PA', '15301');

INSERT INTO ADDRESS (Id, Name, Street_Address, City, State_Code, Zip)
VALUES (11, 'Random Address 3', '402 State Street', 'Greensboro', 'NC', '27405');

INSERT INTO ADDRESS (Id, Name, Street_Address, City, State_Code, Zip)
VALUES (12, 'Random Address 4', '727 River Road', 'Cantonment', 'FL', '32533');

INSERT INTO ADDRESS (Id, Name, Street_Address, City, State_Code, Zip)
VALUES (13, 'Random Address 5', '754 Brown Street', 'Perrysburg', 'OH', '43551');

INSERT INTO ADDRESS (Id, Name, Street_Address, City, State_Code, Zip)
VALUES (14, 'Random Address 6', '493 Cedar Court', 'Casselberry', 'FL', '32707');

INSERT INTO ADDRESS (Id, Name, Street_Address, City, State_Code, Zip)
VALUES (15, 'Random Address 7', '975 3rd Avenue', 'Fond Du Lac', 'WI', '54935');

INSERT INTO ADDRESS (Id, Name, Street_Address, City, State_Code, Zip)
VALUES (16, 'Random Address 8', '536 Fawn Lane', 'Saint Charles', 'IL', '60174');

INSERT INTO ADDRESS (Id, Name, Street_Address, City, State_Code, Zip)
VALUES (17, 'Random Address 9', '113 Clark Street', 'Columbia', 'MD', '21044');

INSERT INTO ADDRESS (Id, Name, Street_Address, City, State_Code, Zip)
VALUES (18, 'Random Address 10', '575 High Street', 'Norwich', 'CT', '06360');

INSERT INTO ADDRESS (Id, Name, Street_Address, City, State_Code, Zip)
VALUES (19, 'Random Address 11', '848 King Street', 'Santa Clara', 'CA', '95050');

INSERT INTO ADDRESS (Id, Name, Street_Address, City, State_Code, Zip)
VALUES (20, 'Random Address 12', '415 7th Avenue', 'Evans', 'GA', '30809');


INSERT INTO WAREHOUSE (Id, Address_Id) VALUES (1, 2);
INSERT INTO WAREHOUSE (Id, Address_Id) VALUES (2, 3);
INSERT INTO WAREHOUSE (Id, Address_Id) VALUES (3, 4);
INSERT INTO WAREHOUSE (Id, Address_Id) VALUES (4, 5);
INSERT INTO WAREHOUSE (Id, Address_Id) VALUES (5, 6);
INSERT INTO WAREHOUSE (Id, Address_Id) VALUES (6, 7);
INSERT INTO WAREHOUSE (Id, Address_Id) VALUES (7, 8);
INSERT INTO WAREHOUSE (Id, Address_Id) VALUES (8, 8);
INSERT INTO WAREHOUSE (Id, Address_Id) VALUES (9, 10);
INSERT INTO WAREHOUSE (Id, Address_Id) VALUES (10, 11);
INSERT INTO WAREHOUSE (Id, Address_Id) VALUES (11, 12);
INSERT INTO WAREHOUSE (Id, Address_Id) VALUES (12, 13);
INSERT INTO WAREHOUSE (Id, Address_Id) VALUES (13, 14);
INSERT INTO WAREHOUSE (Id, Address_Id) VALUES (14, 15);
INSERT INTO WAREHOUSE (Id, Address_Id) VALUES (15, 16);
INSERT INTO WAREHOUSE (Id, Address_Id) VALUES (16, 17);
INSERT INTO WAREHOUSE (Id, Address_Id) VALUES (17, 18);
INSERT INTO WAREHOUSE (Id, Address_Id) VALUES (18, 19);
INSERT INTO WAREHOUSE (Id, Address_Id) VALUES (19, 20);
INSERT INTO WAREHOUSE (Id, Address_Id) VALUES (20, 12);

INSERT INTO STATE (Code, Name) VALUES ('AL', 'Alabama');
INSERT INTO STATE (Code, Name) VALUES ('AK', 'Alaska');
INSERT INTO STATE (Code, Name) VALUES ('AZ', 'Arizona');
INSERT INTO STATE (Code, Name) VALUES ('AR', 'Arkansas');
INSERT INTO STATE (Code, Name) VALUES ('CA', 'California');
INSERT INTO STATE (Code, Name) VALUES ('CO', 'Colorado');
INSERT INTO STATE (Code, Name) VALUES ('CT', 'Connecticut');
INSERT INTO STATE (Code, Name) VALUES ('DE', 'Delaware');
INSERT INTO STATE (Code, Name) VALUES ('FL', 'Florida');
INSERT INTO STATE (Code, Name) VALUES ('GA', 'Georgia');
INSERT INTO STATE (Code, Name) VALUES ('HI', 'Hawaii');
INSERT INTO STATE (Code, Name) VALUES ('ID', 'Idaho');
INSERT INTO STATE (Code, Name) VALUES ('IL', 'Illinois');
INSERT INTO STATE (Code, Name) VALUES ('IN', 'Indiana');
INSERT INTO STATE (Code, Name) VALUES ('IA', 'Iowa');
INSERT INTO STATE (Code, Name) VALUES ('KS', 'Kansas');
INSERT INTO STATE (Code, Name) VALUES ('KY', 'Kentucky');
INSERT INTO STATE (Code, Name) VALUES ('LA', 'Louisiana');
INSERT INTO STATE (Code, Name) VALUES ('ME', 'Maine');
INSERT INTO STATE (Code, Name) VALUES ('MD', 'Maryland');
INSERT INTO STATE (Code, Name) VALUES ('MA', 'Massachusetts');
INSERT INTO STATE (Code, Name) VALUES ('MI', 'Michigan');
INSERT INTO STATE (Code, Name) VALUES ('MN', 'Minnesota');
INSERT INTO STATE (Code, Name) VALUES ('MS', 'Mississippi');
INSERT INTO STATE (Code, Name) VALUES ('MO', 'Missouri');
INSERT INTO STATE (Code, Name) VALUES ('MT', 'Montana');
INSERT INTO STATE (Code, Name) VALUES ('NE', 'Nebraska');
INSERT INTO STATE (Code, Name) VALUES ('NV', 'Nevada');
INSERT INTO STATE (Code, Name) VALUES ('NH', 'New Hampshire');
INSERT INTO STATE (Code, Name) VALUES ('NJ', 'New Jersey');
INSERT INTO STATE (Code, Name) VALUES ('NM', 'New Mexico');
INSERT INTO STATE (Code, Name) VALUES ('NY', 'New York');
INSERT INTO STATE (Code, Name) VALUES ('NC', 'North Carolina');
INSERT INTO STATE (Code, Name) VALUES ('ND', 'North Dakota');
INSERT INTO STATE (Code, Name) VALUES ('OH', 'Ohio');
INSERT INTO STATE (Code, Name) VALUES ('OK', 'Oklahoma');
INSERT INTO STATE (Code, Name) VALUES ('OR', 'Oregon');
INSERT INTO STATE (Code, Name) VALUES ('PA', 'Pennsylvania');
INSERT INTO STATE (Code, Name) VALUES ('RI', 'Rhode Island');
INSERT INTO STATE (Code, Name) VALUES ('SC', 'South Carolina');
INSERT INTO STATE (Code, Name) VALUES ('SD', 'South Dakota');
INSERT INTO STATE (Code, Name) VALUES ('TN', 'Tennessee');
INSERT INTO STATE (Code, Name) VALUES ('TX', 'Texas');
INSERT INTO STATE (Code, Name) VALUES ('UT', 'Utah');
INSERT INTO STATE (Code, Name) VALUES ('VT', 'Vermont');
INSERT INTO STATE (Code, Name) VALUES ('VA', 'Virginia');
INSERT INTO STATE (Code, Name) VALUES ('WA', 'Washington');
INSERT INTO STATE (Code, Name) VALUES ('WV', 'West Virginia');
INSERT INTO STATE (Code, Name) VALUES ('WI', 'Wisconsin');
INSERT INTO STATE (Code, Name) VALUES ('WY', 'Wyoming');

INSERT INTO AUTHOR (Name) VALUES ('Chip Dawes');
INSERT INTO AUTHOR (Name) VALUES ('Biju Thomas');
INSERT INTO AUTHOR (Name) VALUES ('Doug Stuns');
INSERT INTO AUTHOR (Name) VALUES ('Matthew Weishan');
INSERT INTO AUTHOR (Name) VALUES ('Joseph C. Johnson');
INSERT INTO AUTHOR (Name) VALUES ('Brian Knight');
INSERT INTO AUTHOR (Name) VALUES ('Ralph Kimball');
INSERT INTO AUTHOR (Name) VALUES ('Margy Ross');
INSERT INTO AUTHOR (Name) VALUES ('Bill Mann');
INSERT INTO AUTHOR (Name) VALUES ('Ian H. Witten');
INSERT INTO AUTHOR (Name) VALUES ('Eibe Frank');
INSERT INTO AUTHOR (Name) VALUES ('Robert D. Schmidt');
INSERT INTO AUTHOR (Name) VALUES ('Ken Henderson');
INSERT INTO AUTHOR (Name) VALUES ('Paul Litwin');
INSERT INTO AUTHOR (Name) VALUES ('Ken Getz');
INSERT INTO AUTHOR (Name) VALUES ('Mike Gunderloy');
INSERT INTO AUTHOR (Name) VALUES ('Ben Forta');
INSERT INTO AUTHOR (Name) VALUES ('Nate Weiss');
INSERT INTO AUTHOR (Name) VALUES ('Leon Chalnick');
INSERT INTO AUTHOR (Name) VALUES ('Angela C. Buraglia');
INSERT INTO AUTHOR (Name) VALUES ('Ramez A. Elmasri');
INSERT INTO AUTHOR (Name) VALUES ('Shamkant B. Navathe');
INSERT INTO AUTHOR (Name) VALUES ('Rob Vieira');
INSERT INTO AUTHOR (Name) VALUES ('Paul DuBois');
INSERT INTO AUTHOR (Name) VALUES ('Laurell K. Hamilton');
INSERT INTO AUTHOR (Name) VALUES ('Sue Monk Kidd');
INSERT INTO AUTHOR (Name) VALUES ('Tara Calishain');
INSERT INTO AUTHOR (Name) VALUES ('Rael Dornfest');
INSERT INTO AUTHOR (Name) VALUES ('Jay P. Decima');
INSERT INTO AUTHOR (Name) VALUES ('Wladyslaw Szpilman');
INSERT INTO AUTHOR (Name) VALUES ('Roma Ligocka');
INSERT INTO AUTHOR (Name) VALUES ('Michael Cunningham');
INSERT INTO AUTHOR (Name) VALUES ('Larry Bossidy');
INSERT INTO AUTHOR (Name) VALUES ('Ram Charan');
INSERT INTO AUTHOR (Name) VALUES ('Charles Burck');
INSERT INTO AUTHOR (Name) VALUES ('James Patterson');
INSERT INTO AUTHOR (Name) VALUES ('Andrew Gross');
INSERT INTO AUTHOR (Name) VALUES ('Jeffery Deaver');
INSERT INTO AUTHOR (Name) VALUES ('Jacquelyn Mitchard');
INSERT INTO AUTHOR (Name) VALUES ('Patrick Lencioni');
INSERT INTO AUTHOR (Name) VALUES ('Dee Henderson');
INSERT INTO AUTHOR (Name) VALUES ('Ann Patchett');
INSERT INTO AUTHOR (Name) VALUES ('Karen Marie Moning');
INSERT INTO AUTHOR (Name) VALUES ('Suzanne Brockmann');
INSERT INTO AUTHOR (Name) VALUES ('Steven Pinker');
INSERT INTO AUTHOR (Name) VALUES ('Albert-L szl¢ Barab si');
INSERT INTO AUTHOR (Name) VALUES ('Edward Osborne Wilson');
INSERT INTO AUTHOR (Name) VALUES ('Stephen Wolfram');
INSERT INTO AUTHOR (Name) VALUES ('Harold McGee');
INSERT INTO AUTHOR (Name) VALUES ('Francis D. K. Ching');
INSERT INTO AUTHOR (Name) VALUES ('Cassandra Adams');
INSERT INTO AUTHOR (Name) VALUES ('Virginia McAlester');
INSERT INTO AUTHOR (Name) VALUES ('Lee McAlester');
INSERT INTO AUTHOR (Name) VALUES ('Bryan Burkhart');
INSERT INTO AUTHOR (Name) VALUES ('Allison Arieff');
INSERT INTO AUTHOR (Name) VALUES ('Ralph R. Kylloe');
INSERT INTO AUTHOR (Name) VALUES ('Leslie Plummer Clagett');
INSERT INTO AUTHOR (Name) VALUES ('Gerard Gefen');
INSERT INTO AUTHOR (Name) VALUES ('Christine Bastin');
INSERT INTO AUTHOR (Name) VALUES ('Jacques Evrard');
INSERT INTO AUTHOR (Name) VALUES ('Donald Kaufman');
INSERT INTO AUTHOR (Name) VALUES ('Taffy Dahl');
INSERT INTO AUTHOR (Name) VALUES ('Laurel Graeber');
INSERT INTO AUTHOR (Name) VALUES ('Tina Freeman');
INSERT INTO AUTHOR (Name) VALUES ('Simon Benninga');
INSERT INTO AUTHOR (Name) VALUES ('Benjamin Czaczkes');
INSERT INTO AUTHOR (Name) VALUES ('Mark Grinblatt');
INSERT INTO AUTHOR (Name) VALUES ('Sheridan Titman');
INSERT INTO AUTHOR (Name) VALUES ('Robert C. Higgins');
INSERT INTO AUTHOR (Name) VALUES ('Paul Marcus Fischer');
INSERT INTO AUTHOR (Name) VALUES ('William James Taylor');
INSERT INTO AUTHOR (Name) VALUES ('Rita Hartung Cheng');
INSERT INTO AUTHOR (Name) VALUES ('Donald E. Kieso');
INSERT INTO AUTHOR (Name) VALUES ('Jerry J. Weygandt');
INSERT INTO AUTHOR (Name) VALUES ('Terry D. Warfield');
INSERT INTO AUTHOR (Name) VALUES ('Lawrence Revsine');
INSERT INTO AUTHOR (Name) VALUES ('Daniel W. Collins');
INSERT INTO AUTHOR (Name) VALUES ('W. Bruce Johnson');
INSERT INTO AUTHOR (Name) VALUES ('Nicholas Sparks');
INSERT INTO AUTHOR (Name) VALUES ('Mary Higgins Clark');
INSERT INTO AUTHOR (Name) VALUES ('Don DeLillo');
INSERT INTO AUTHOR (Name) VALUES ('Stephen King');
INSERT INTO AUTHOR (Name) VALUES ('Mark Z. Danielewski');
INSERT INTO AUTHOR (Name) VALUES ('Michael Romkey');
INSERT INTO AUTHOR (Name) VALUES ('Chuck Palahniuk');
INSERT INTO AUTHOR (Name) VALUES ('Matthew Delaney');
INSERT INTO AUTHOR (Name) VALUES ('Bernie Wrightson');
INSERT INTO AUTHOR (Name) VALUES ('Jeffrey M. Wooldridge');
INSERT INTO AUTHOR (Name) VALUES ('Steven J. Root');
INSERT INTO AUTHOR (Name) VALUES ('Ken Coffman');
INSERT INTO AUTHOR (Name) VALUES ('Gerald Carter');
INSERT INTO AUTHOR (Name) VALUES ('Scott Kelby');
INSERT INTO AUTHOR (Name) VALUES ('B. J. Fogg');
INSERT INTO AUTHOR (Name) VALUES ('Michael Meyers');
INSERT INTO AUTHOR (Name) VALUES ('Carl Sagan');
INSERT INTO AUTHOR (Name) VALUES ('Alice Sebold');
INSERT INTO AUTHOR (Name) VALUES ('Ian McEwan');
INSERT INTO AUTHOR (Name) VALUES ('Nora Roberts');
INSERT INTO AUTHOR (Name) VALUES ('Andy Rae');
INSERT INTO AUTHOR (Name) VALUES ('Joseph Truini');
INSERT INTO AUTHOR (Name) VALUES ('Terry Pratchett');

INSERT INTO CATEGORY (Name) VALUES ('Computer');
INSERT INTO CATEGORY (Name) VALUES ('Literature & Fiction');
INSERT INTO CATEGORY (Name) VALUES ('Accounting & Finance');
INSERT INTO CATEGORY (Name) VALUES ('Reference');
INSERT INTO CATEGORY (Name) VALUES ('Romance');
INSERT INTO CATEGORY (Name) VALUES ('Science');
INSERT INTO CATEGORY (Name) VALUES ('Home Design');
INSERT INTO CATEGORY (Name) VALUES ('Horror');
INSERT INTO CATEGORY (Name) VALUES ('Fantasy');
INSERT INTO CATEGORY (Name) VALUES ('Bibliography‎');
INSERT INTO CATEGORY (Name) VALUES ('Travel');
INSERT INTO CATEGORY (Name) VALUES ('Sports');
INSERT INTO CATEGORY (Name) VALUES ('Music');
INSERT INTO CATEGORY (Name) VALUES ('Family');
INSERT INTO CATEGORY (Name) VALUES ('Religion');
INSERT INTO CATEGORY (Name) VALUES ('Medical');
INSERT INTO CATEGORY (Name) VALUES ('Wine');
INSERT INTO CATEGORY (Name) VALUES ('Philosophy');
INSERT INTO CATEGORY (Name) VALUES ('Photography');
INSERT INTO CATEGORY (Name) VALUES ('Art');

INSERT INTO PUBLISHER (Name) VALUES ('Sybex');
INSERT INTO PUBLISHER (Name) VALUES ('McGraw-Hill Osborne Media');
INSERT INTO PUBLISHER (Name) VALUES ('John Wiley & Sons');
INSERT INTO PUBLISHER (Name) VALUES ('Morgan Kaufmann');
INSERT INTO PUBLISHER (Name) VALUES ('Schmidt Ink, Inc.');
INSERT INTO PUBLISHER (Name) VALUES ('Addison-Wesley Pub Co');
INSERT INTO PUBLISHER (Name) VALUES ('Macromedia Press');
INSERT INTO PUBLISHER (Name) VALUES ('Addison-Wesley Publishing');
INSERT INTO PUBLISHER (Name) VALUES ('Wrox Press Inc');
INSERT INTO PUBLISHER (Name) VALUES ('Berkley Pub Group');
INSERT INTO PUBLISHER (Name) VALUES ('Penguin USA');
INSERT INTO PUBLISHER (Name) VALUES ('O''Reilly & Associates');
INSERT INTO PUBLISHER (Name) VALUES ('McGraw-Hill Trade');
INSERT INTO PUBLISHER (Name) VALUES ('Picador');
INSERT INTO PUBLISHER (Name) VALUES ('St. Martin''s Press');
INSERT INTO PUBLISHER (Name) VALUES ('Crown Pub');
INSERT INTO PUBLISHER (Name) VALUES ('Little Brown & Company');
INSERT INTO PUBLISHER (Name) VALUES ('Simon & Schuster');
INSERT INTO PUBLISHER (Name) VALUES ('HarperCollins');
INSERT INTO PUBLISHER (Name) VALUES ('Jossey-Bass');
INSERT INTO PUBLISHER (Name) VALUES ('Multnomah Publishers Inc.');
INSERT INTO PUBLISHER (Name) VALUES ('Perennial');
INSERT INTO PUBLISHER (Name) VALUES ('Dell Pub Co');
INSERT INTO PUBLISHER (Name) VALUES ('Harlequin');
INSERT INTO PUBLISHER (Name) VALUES ('Viking Press');
INSERT INTO PUBLISHER (Name) VALUES ('Perseus Publishing');
INSERT INTO PUBLISHER (Name) VALUES ('Random House');
INSERT INTO PUBLISHER (Name) VALUES ('Knopf');
INSERT INTO PUBLISHER (Name) VALUES ('Wolfram Media, Inc.');
INSERT INTO PUBLISHER (Name) VALUES ('Fireside');
INSERT INTO PUBLISHER (Name) VALUES ('Random House Trade Paperbacks');
INSERT INTO PUBLISHER (Name) VALUES ('Gibbs Smith Publisher');
INSERT INTO PUBLISHER (Name) VALUES ('Taunton Pr');
INSERT INTO PUBLISHER (Name) VALUES ('Vendome Pr');
INSERT INTO PUBLISHER (Name) VALUES ('Clarkson N. Potter');
INSERT INTO PUBLISHER (Name) VALUES ('MIT Press');
INSERT INTO PUBLISHER (Name) VALUES ('McGraw-Hill/Irwin');
INSERT INTO PUBLISHER (Name) VALUES ('South-Western College Pub');
INSERT INTO PUBLISHER (Name) VALUES ('Prentice Hall');
INSERT INTO PUBLISHER (Name) VALUES ('Warner Books');
INSERT INTO PUBLISHER (Name) VALUES ('Scribner');
INSERT INTO PUBLISHER (Name) VALUES ('Pocket Books');
INSERT INTO PUBLISHER (Name) VALUES ('Pantheon Books');
INSERT INTO PUBLISHER (Name) VALUES ('Del Rey');
INSERT INTO PUBLISHER (Name) VALUES ('Doubleday');
INSERT INTO PUBLISHER (Name) VALUES ('Donald M. Grant Publisher, Inc.');
INSERT INTO PUBLISHER (Name) VALUES ('Vintage Books');
INSERT INTO PUBLISHER (Name) VALUES ('Scribner Paperback Fiction');
INSERT INTO PUBLISHER (Name) VALUES ('Harvest Books');
INSERT INTO PUBLISHER (Name) VALUES ('Harperperennial Library');
INSERT INTO PUBLISHER (Name) VALUES ('W.W. Norton & Company');
INSERT INTO PUBLISHER (Name) VALUES ('Harvard Univ Pr');
INSERT INTO PUBLISHER (Name) VALUES ('Prentice Hall PTR');
INSERT INTO PUBLISHER (Name) VALUES ('New Riders Publishing');
INSERT INTO PUBLISHER (Name) VALUES ('Ballantine Books');
INSERT INTO PUBLISHER (Name) VALUES ('Back Bay Books');
INSERT INTO PUBLISHER (Name) VALUES ('Anchor Books');
INSERT INTO PUBLISHER (Name) VALUES ('Putnam Pub Group');
INSERT INTO PUBLISHER (Name) VALUES ('Silhouette');
INSERT INTO PUBLISHER (Name) VALUES ('Lark Books');
INSERT INTO PUBLISHER (Name) VALUES ('Harper');

INSERT INTO BOOK (ISBN, Title, Year, Price) VALUES ('0782140661', 'OCP: Oracle9i Certification Kit', 2002, 104);
INSERT INTO BOOK (ISBN, Title, Year, Price) VALUES ('0072227885', 'SQL Server 2000 for Experienced DBA''s', 2003, 34);
INSERT INTO BOOK (ISBN, Title, Year, Price)
VALUES ('0471200247', 'The Data Warehouse Toolkit: The Complete Guide to Dimensional Modeling', 2002, 50);
INSERT INTO BOOK (ISBN, Title, Year, Price) VALUES ('0072227710', 'How To Do Everything with Your Tablet PC', 2003, 17);
INSERT INTO BOOK (ISBN, Title, Year, Price) VALUES
  ('1558605525', 'Data Mining: Practical Machine Learning Tools and Techniques with Java Implementations', 1999, 49);
INSERT INTO BOOK (ISBN, Title, Year, Price)
VALUES ('0972263608', 'Creating Documents with BusinessObjects 5.1', 2002, 99);
INSERT INTO BOOK (ISBN, Title, Year, Price) VALUES ('0201615762', 'The Guru''s Guide to Transact-SQL', 2000, 38);
INSERT INTO BOOK (ISBN, Title, Year, Price) VALUES ('0782140114', 'Access 2002 Developer''s Handbook Set', 2001, 69);
INSERT INTO BOOK (ISBN, Title, Year, Price)
VALUES ('0321125169', 'ColdFusion MX Web Application Construction Kit', 2002, 38);
INSERT INTO BOOK (ISBN, Title, Year, Price) VALUES ('0805317554', 'Fundamentals of Database Systems ', 1999, 95);
INSERT INTO BOOK (ISBN, Title, Year, Price) VALUES ('1861004486', 'Professional SQL Server 2000 Programming', 2000, 41);
INSERT INTO BOOK (ISBN, Title, Year, Price) VALUES ('0735712123', 'MySQL', 2003, 34);
INSERT INTO BOOK (ISBN, Title, Year, Price) VALUES ('0425188361', 'Cerulean Sins', 2003, 16);
INSERT INTO BOOK (ISBN, Title, Year, Price) VALUES ('0142001740', 'The Secret Life of Bees', 2003, 14);
INSERT INTO BOOK (ISBN, Title, Year, Price) VALUES ('0596004478', 'Google Hacks', 2003, 24);
INSERT INTO BOOK (ISBN, Title, Year, Price) VALUES ('0071414339',
                                                    'Investing in Fixer-Uppers : A Complete Guide to Buying Low, Fixing Smart, Adding Value, and Selling (or Renting) High',
                                                    2003, 18);
INSERT INTO BOOK (ISBN, Title, Year, Price) VALUES ('0312311354', 'The Pianist', 2003, 13);
INSERT INTO BOOK (ISBN, Title, Year, Price) VALUES ('0312287941', 'The Girl in the Red Coat: A Memoir', 2002, 25);
INSERT INTO BOOK (ISBN, Title, Year, Price) VALUES ('0312243022', 'The Hours', 2000, 3);
INSERT INTO BOOK (ISBN, Title, Year, Price)
VALUES ('0609610570', 'Execution: The Discipline of Getting Things Done', 2002, 27);
INSERT INTO BOOK (ISBN, Title, Year, Price) VALUES ('0316602051', 'The Jester', 2003, 27);
INSERT INTO BOOK (ISBN, Title, Year, Price) VALUES ('0743222008', 'The Vanished Man: A Lincoln Rhyme Novel', 2003, 25);
INSERT INTO BOOK (ISBN, Title, Year, Price) VALUES ('0066214750', 'Twelve Times Blessed', 2003, 25);
INSERT INTO BOOK (ISBN, Title, Year, Price)
VALUES ('0787960756', 'The Five Dysfunctions of a Team: A Leadership Fable', 2002, 13);
INSERT INTO BOOK (ISBN, Title, Year, Price) VALUES ('1590520734', 'The Rescuer: The O''Malley Series', 2003, 12);
INSERT INTO BOOK (ISBN, Title, Year, Price) VALUES ('0060934417', 'Bel Canto: A Novel', 2002, 13);
INSERT INTO BOOK (ISBN, Title, Year, Price) VALUES ('0440237556', 'The Dark Highlander', 2002, 6);
INSERT INTO BOOK (ISBN, Title, Year, Price) VALUES ('0373272839', 'Letters to Kelly', 2003, 4);
INSERT INTO BOOK (ISBN, Title, Year, Price)
VALUES ('0670031518', 'The Blank Slate: The Modern Denial of Human Nature', 2002, 27);
INSERT INTO BOOK (ISBN, Title, Year, Price) VALUES ('0738206679', 'Linked: The New Science of Networks', 2002, 26);
INSERT INTO BOOK (ISBN, Title, Year, Price) VALUES ('067976867X', 'Consilience: The Unity of Knowledge', 1999, 15);
INSERT INTO BOOK (ISBN, Title, Year, Price) VALUES ('0679450785', 'The Future of Life', 2002, 22);
INSERT INTO BOOK (ISBN, Title, Year, Price) VALUES ('1579550088', 'A New Kind of Science', 2002, 44);
INSERT INTO BOOK (ISBN, Title, Year, Price) VALUES ('0684843285', 'ON FOOD AND COOKING', 1997, 22);
INSERT INTO BOOK (ISBN, Title, Year, Price) VALUES ('0471358983', 'Building Construction Illustrated', 2000, 40);
INSERT INTO BOOK (ISBN, Title, Year, Price) VALUES ('0394739698', 'A Field Guide to American Houses', 1984, 24);
INSERT INTO BOOK (ISBN, Title, Year, Price) VALUES ('1586851322', 'Prefab', 2002, 39);
INSERT INTO BOOK (ISBN, Title, Year, Price) VALUES ('1586851357', 'Cabins & Camps', 2002, 60);
INSERT INTO BOOK (ISBN, Title, Year, Price)
VALUES ('156158648X', 'The New City Home: Smart Solutions for Metro Living', 2003, 24);
INSERT INTO BOOK (ISBN, Title, Year, Price) VALUES ('0865659982', 'Composers'' Houses', 1998, 50);
INSERT INTO BOOK (ISBN, Title, Year, Price)
VALUES ('0517576600', 'Color: Natural Palettes for Painted Rooms', 1992, 50);
INSERT INTO BOOK (ISBN, Title, Year, Price) VALUES ('0262024829', 'Financial Modeling ', 2000, 70);
INSERT INTO BOOK (ISBN, Title, Year, Price) VALUES ('0072294337', 'Financial Markets & Corporate Strategy', 2001, 122);
INSERT INTO BOOK (ISBN, Title, Year, Price) VALUES ('0072315318', 'Analysis for Financial Management', 2000, 79);
INSERT INTO BOOK (ISBN, Title, Year, Price) VALUES ('0324107501', 'Advanced Accounting', 2001, 112);
INSERT INTO BOOK (ISBN, Title, Year, Price) VALUES ('0471363049', 'Intermediate Accounting', 2001, 139);
INSERT INTO BOOK (ISBN, Title, Year, Price) VALUES ('0130323519', 'Financial Reporting and Analysis ', 2001, 126);
INSERT INTO BOOK (ISBN, Title, Year, Price) VALUES ('0446527793', 'The Guardian', 2003, 24);
INSERT INTO BOOK (ISBN, Title, Year, Price) VALUES ('0743206061', 'The Second Time Around', 2003, 26);
INSERT INTO BOOK (ISBN, Title, Year, Price) VALUES ('0743244249', 'Cosmopolis: A Novel', 2003, 25);
INSERT INTO BOOK (ISBN, Title, Year, Price) VALUES ('0743467523', 'Dreamcatcher', 2003, 7);
INSERT INTO BOOK (ISBN, Title, Year, Price) VALUES ('0375703764', 'House of Leaves', 2000, 19);
INSERT INTO BOOK (ISBN, Title, Year, Price) VALUES ('0345452089', 'The Vampire''s Violin', 2003, 6);
INSERT INTO BOOK (ISBN, Title, Year, Price) VALUES ('0385504470', 'Lullaby: A Novel', 2002, 17);
INSERT INTO BOOK (ISBN, Title, Year, Price) VALUES ('0312276702', 'Jinn: A Novel', 2003, 24);
INSERT INTO BOOK (ISBN, Title, Year, Price) VALUES ('0743457358', 'Everything''s Eventual: 14 Dark Tales', 2002, 7);
INSERT INTO BOOK (ISBN, Title, Year, Price) VALUES ('1880418568', 'Wolves of the Calla ', 2003, 35);
INSERT INTO BOOK (ISBN, Title, Year, Price) VALUES ('0743455967', 'On Writing', 2002, 7);
INSERT INTO BOOK (ISBN, Title, Year, Price) VALUES ('0140077022', 'White Noise ', 1991, 14);
INSERT INTO BOOK (ISBN, Title, Year, Price) VALUES ('0679722955', 'The Names', 1989, 11);
INSERT INTO BOOK (ISBN, Title, Year, Price) VALUES ('0684848155', 'UNDERWORLD: A NOVEL', 1998, 16);
INSERT INTO BOOK (ISBN, Title, Year, Price) VALUES ('0471286168', 'Architecture: Form, Space, and Order', 1996, 39);
INSERT INTO BOOK (ISBN, Title, Year, Price) VALUES ('0471288217', 'A Visual Dictionary of Architecture', 1996, 39);
INSERT INTO BOOK (ISBN, Title, Year, Price) VALUES ('0156006219', 'The Magician''s Assistant', 1998, 13);
INSERT INTO BOOK (ISBN, Title, Year, Price) VALUES ('0060540753', 'Patron Saint of Liars', 2003, 13);
INSERT INTO BOOK (ISBN, Title, Year, Price) VALUES ('0393318486', 'How the Mind Works', 1999, 17);
INSERT INTO BOOK (ISBN, Title, Year, Price)
VALUES ('0060958332', 'The Language Instinct: How the Mind Creates Language', 2000, 10);
INSERT INTO BOOK (ISBN, Title, Year, Price)
VALUES ('0060958405', 'Words and Rules: The Ingredients of Language', 2000, 15);
INSERT INTO BOOK (ISBN, Title, Year, Price) VALUES ('0393319407', 'The Diversity of Life', 1999, 16);
INSERT INTO BOOK (ISBN, Title, Year, Price) VALUES ('067463442X', 'On Human Nature', 1988, 18);
INSERT INTO BOOK (ISBN, Title, Year, Price) VALUES ('0446608955', 'A Walk to Remember', 2000, 6);
INSERT INTO BOOK (ISBN, Title, Year, Price) VALUES ('0446676098', 'The Notebook', 1999, 12);
INSERT INTO BOOK (ISBN, Title, Year, Price) VALUES ('0446606812', 'Message in a Bottle', 1999, 7);
INSERT INTO BOOK (ISBN, Title, Year, Price) VALUES ('0262521415', 'Numerical Techniques in Finance', 1989, 35);
INSERT INTO BOOK (ISBN, Title, Year, Price)
VALUES ('0262232197', 'Econometric Analysis of Cross Section and Panel Data', 2001, 74);
INSERT INTO BOOK (ISBN, Title, Year, Price)
VALUES ('0324113641', 'Introductory Econometrics: A Modern Approach', 2002, 107);
INSERT INTO BOOK (ISBN, Title, Year, Price)
VALUES ('0471391123', 'Beyond Coso : Internal Control to Enhance Corporate Governance', 2000, 50);
INSERT INTO BOOK (ISBN, Title, Year, Price) VALUES ('0130998516', 'Real World FPGA Design with Verilog', 1999, 83);
INSERT INTO BOOK (ISBN, Title, Year, Price) VALUES ('1565924916', 'Ldap System Administration', 2003, 39);
INSERT INTO BOOK (ISBN, Title, Year, Price)
VALUES ('0735712360', 'The Photoshop Book for Digital Photographers', 2003, 39);
INSERT INTO BOOK (ISBN, Title, Year, Price) VALUES ('0735712379', 'Photoshop 7 Down & Dirty Tricks', 2002, 39);
INSERT INTO BOOK (ISBN, Title, Year, Price) VALUES ('0735713170', 'Mac OS X v. 10.2 Jaguar Killer Tips', 2002, 29);
INSERT INTO BOOK (ISBN, Title, Year, Price)
VALUES ('1558606432', 'Persuasive Technology: Using Computers to Change What We Think and Do', 2002, 34);
INSERT INTO BOOK (ISBN, Title, Year, Price) VALUES ('0072222743', 'A+ Certification All-in-One Exam Guide', 2002, 59);
INSERT INTO BOOK (ISBN, Title, Year, Price)
VALUES ('0345409469', 'The Demon-Haunted World: Science As a Candle in the Dark', 1997, 14);
INSERT INTO BOOK (ISBN, Title, Year, Price) VALUES ('0375508325', 'Cosmos', 2002, 35);
INSERT INTO BOOK (ISBN, Title, Year, Price)
VALUES ('0345336895', 'Broca''s Brain: Reflections on the Romance of Science', 1993, 6);
INSERT INTO BOOK (ISBN, Title, Year, Price) VALUES ('0671004107', 'Contact', 1997, 7);
INSERT INTO BOOK (ISBN, Title, Year, Price)
VALUES ('0345376595', 'Pale Blue Dot: A Vision of the Human Future in Space', 1997, 12);
INSERT INTO BOOK (ISBN, Title, Year, Price) VALUES ('0316666343', 'The Lovely Bones: A Novel', 2002, 21);
INSERT INTO BOOK (ISBN, Title, Year, Price) VALUES ('0316096199', 'Lucky: A Memoir', 2002, 11);
INSERT INTO BOOK (ISBN, Title, Year, Price) VALUES ('038572179X', 'Atonement', 2003, 14);
INSERT INTO BOOK (ISBN, Title, Year, Price) VALUES ('0385494246', 'Amsterdam', 1999, 12);
INSERT INTO BOOK (ISBN, Title, Year, Price) VALUES ('0385494327', 'Black Dogs', 1999, 14);
INSERT INTO BOOK (ISBN, Title, Year, Price) VALUES ('0385494149', 'Enduring Love', 1999, 13);
INSERT INTO BOOK (ISBN, Title, Year, Price) VALUES ('0399149848', 'Birthright', 2003, 25);
INSERT INTO BOOK (ISBN, Title, Year, Price) VALUES ('0373218192', 'Engaging The Enemy', 2003, 7);
INSERT INTO BOOK (ISBN, Title, Year, Price) VALUES ('0373218257', 'Love By Design', 2003, 14);
INSERT INTO BOOK (ISBN, Title, Year, Price) VALUES ('0399149392', 'Chesapeake Blue', 2002, 25);
INSERT INTO BOOK (ISBN, Title, Year, Price)
VALUES ('1561584029', 'The Complete Illustrated Guide to Furniture and Cabinet Construction', 2001, 39);
INSERT INTO BOOK (ISBN, Title, Year, Price) VALUES ('1579902944', 'Choosing & Using Hand Tools', 2002, 19);
INSERT INTO BOOK (ISBN, Title, Year, Price) VALUES ('1561586196', 'Building a Shed', 2003, 19);
INSERT INTO BOOK (ISBN, Title, Year, Price) VALUES ('0061092177', 'Small Gods', 1994, 7);
INSERT INTO BOOK (ISBN, Title, Year, Price) VALUES ('0060502935', 'Going Postal', 2005, 7);
INSERT INTO BOOK (ISBN, Title, Year, Price) VALUES ('0061020656', 'Pyramids', 2001, 7);
INSERT INTO BOOK (ISBN, Title, Year, Price) VALUES ('0060855925', 'The Color of Magic', 2005, 13);
INSERT INTO BOOK (ISBN, Title, Year, Price) VALUES ('0061020648', 'Guards! Guards!', 2001, 7);
INSERT INTO BOOK (ISBN, Title, Year, Price) VALUES ('0061161721', 'Unseen Academicals', 2010, 7);

INSERT INTO BOOK_AUTHOR (Book_ISBN, Author_Name) VALUES ('0782140661', 'Chip Dawes');
INSERT INTO BOOK_AUTHOR (Book_ISBN, Author_Name) VALUES ('0782140661', 'Biju Thomas');
INSERT INTO BOOK_AUTHOR (Book_ISBN, Author_Name) VALUES ('0782140661', 'Doug Stuns');
INSERT INTO BOOK_AUTHOR (Book_ISBN, Author_Name) VALUES ('0782140661', 'Matthew Weishan');
INSERT INTO BOOK_AUTHOR (Book_ISBN, Author_Name) VALUES ('0782140661', 'Joseph C. Johnson');
INSERT INTO BOOK_AUTHOR (Book_ISBN, Author_Name) VALUES ('0072227885', 'Brian Knight');
INSERT INTO BOOK_AUTHOR (Book_ISBN, Author_Name) VALUES ('0471200247', 'Ralph Kimball');
INSERT INTO BOOK_AUTHOR (Book_ISBN, Author_Name) VALUES ('0471200247', 'Margy Ross');
INSERT INTO BOOK_AUTHOR (Book_ISBN, Author_Name) VALUES ('0072227710', 'Bill Mann');
INSERT INTO BOOK_AUTHOR (Book_ISBN, Author_Name) VALUES ('1558605525', 'Ian H. Witten');
INSERT INTO BOOK_AUTHOR (Book_ISBN, Author_Name) VALUES ('1558605525', 'Eibe Frank');
INSERT INTO BOOK_AUTHOR (Book_ISBN, Author_Name) VALUES ('0972263608', 'Robert D. Schmidt');
INSERT INTO BOOK_AUTHOR (Book_ISBN, Author_Name) VALUES ('0201615762', 'Ken Henderson');
INSERT INTO BOOK_AUTHOR (Book_ISBN, Author_Name) VALUES ('0782140114', 'Paul Litwin');
INSERT INTO BOOK_AUTHOR (Book_ISBN, Author_Name) VALUES ('0782140114', 'Ken Getz');
INSERT INTO BOOK_AUTHOR (Book_ISBN, Author_Name) VALUES ('0782140114', 'Mike Gunderloy');
INSERT INTO BOOK_AUTHOR (Book_ISBN, Author_Name) VALUES ('0321125169', 'Ben Forta');
INSERT INTO BOOK_AUTHOR (Book_ISBN, Author_Name) VALUES ('0321125169', 'Nate Weiss');
INSERT INTO BOOK_AUTHOR (Book_ISBN, Author_Name) VALUES ('0321125169', 'Leon Chalnick');
INSERT INTO BOOK_AUTHOR (Book_ISBN, Author_Name) VALUES ('0321125169', 'Angela C. Buraglia');
INSERT INTO BOOK_AUTHOR (Book_ISBN, Author_Name) VALUES ('0805317554', 'Ramez A. Elmasri');
INSERT INTO BOOK_AUTHOR (Book_ISBN, Author_Name) VALUES ('0805317554', 'Shamkant B. Navathe');
INSERT INTO BOOK_AUTHOR (Book_ISBN, Author_Name) VALUES ('1861004486', 'Rob Vieira');
INSERT INTO BOOK_AUTHOR (Book_ISBN, Author_Name) VALUES ('0735712123', 'Paul DuBois');
INSERT INTO BOOK_AUTHOR (Book_ISBN, Author_Name) VALUES ('0425188361', 'Laurell K. Hamilton');
INSERT INTO BOOK_AUTHOR (Book_ISBN, Author_Name) VALUES ('0142001740', 'Sue Monk Kidd');
INSERT INTO BOOK_AUTHOR (Book_ISBN, Author_Name) VALUES ('0596004478', 'Tara Calishain');
INSERT INTO BOOK_AUTHOR (Book_ISBN, Author_Name) VALUES ('0596004478', 'Rael Dornfest');
INSERT INTO BOOK_AUTHOR (Book_ISBN, Author_Name) VALUES ('0071414339', 'Jay P. Decima');
INSERT INTO BOOK_AUTHOR (Book_ISBN, Author_Name) VALUES ('0312311354', 'Wladyslaw Szpilman');
INSERT INTO BOOK_AUTHOR (Book_ISBN, Author_Name) VALUES ('0312287941', 'Roma Ligocka');
INSERT INTO BOOK_AUTHOR (Book_ISBN, Author_Name) VALUES ('0312243022', 'Michael Cunningham');
INSERT INTO BOOK_AUTHOR (Book_ISBN, Author_Name) VALUES ('0609610570', 'Larry Bossidy');
INSERT INTO BOOK_AUTHOR (Book_ISBN, Author_Name) VALUES ('0609610570', 'Ram Charan');
INSERT INTO BOOK_AUTHOR (Book_ISBN, Author_Name) VALUES ('0609610570', 'Charles Burck');
INSERT INTO BOOK_AUTHOR (Book_ISBN, Author_Name) VALUES ('0316602051', 'James Patterson');
INSERT INTO BOOK_AUTHOR (Book_ISBN, Author_Name) VALUES ('0316602051', 'Andrew Gross');
INSERT INTO BOOK_AUTHOR (Book_ISBN, Author_Name) VALUES ('0743222008', 'Jeffery Deaver');
INSERT INTO BOOK_AUTHOR (Book_ISBN, Author_Name) VALUES ('0066214750', 'Jacquelyn Mitchard');
INSERT INTO BOOK_AUTHOR (Book_ISBN, Author_Name) VALUES ('0787960756', 'Patrick Lencioni');
INSERT INTO BOOK_AUTHOR (Book_ISBN, Author_Name) VALUES ('1590520734', 'Dee Henderson');
INSERT INTO BOOK_AUTHOR (Book_ISBN, Author_Name) VALUES ('0060934417', 'Ann Patchett');
INSERT INTO BOOK_AUTHOR (Book_ISBN, Author_Name) VALUES ('0440237556', 'Karen Marie Moning');
INSERT INTO BOOK_AUTHOR (Book_ISBN, Author_Name) VALUES ('0373272839', 'Suzanne Brockmann');
INSERT INTO BOOK_AUTHOR (Book_ISBN, Author_Name) VALUES ('0670031518', 'Steven Pinker');
INSERT INTO BOOK_AUTHOR (Book_ISBN, Author_Name) VALUES ('0738206679', 'Albert-L szl¢ Barab si');
INSERT INTO BOOK_AUTHOR (Book_ISBN, Author_Name) VALUES ('067976867X', 'Edward Osborne Wilson');
INSERT INTO BOOK_AUTHOR (Book_ISBN, Author_Name) VALUES ('0679450785', 'Edward Osborne Wilson');
INSERT INTO BOOK_AUTHOR (Book_ISBN, Author_Name) VALUES ('1579550088', 'Stephen Wolfram');
INSERT INTO BOOK_AUTHOR (Book_ISBN, Author_Name) VALUES ('0684843285', 'Harold McGee');
INSERT INTO BOOK_AUTHOR (Book_ISBN, Author_Name) VALUES ('0471358983', 'Francis D. K. Ching');
INSERT INTO BOOK_AUTHOR (Book_ISBN, Author_Name) VALUES ('0471358983', 'Cassandra Adams');
INSERT INTO BOOK_AUTHOR (Book_ISBN, Author_Name) VALUES ('0394739698', 'Virginia McAlester');
INSERT INTO BOOK_AUTHOR (Book_ISBN, Author_Name) VALUES ('0394739698', 'Lee McAlester');
INSERT INTO BOOK_AUTHOR (Book_ISBN, Author_Name) VALUES ('1586851322', 'Bryan Burkhart');
INSERT INTO BOOK_AUTHOR (Book_ISBN, Author_Name) VALUES ('1586851322', 'Allison Arieff');
INSERT INTO BOOK_AUTHOR (Book_ISBN, Author_Name) VALUES ('1586851357', 'Ralph R. Kylloe');
INSERT INTO BOOK_AUTHOR (Book_ISBN, Author_Name) VALUES ('156158648X', 'Leslie Plummer Clagett');
INSERT INTO BOOK_AUTHOR (Book_ISBN, Author_Name) VALUES ('0865659982', 'Gerard Gefen');
INSERT INTO BOOK_AUTHOR (Book_ISBN, Author_Name) VALUES ('0865659982', 'Christine Bastin');
INSERT INTO BOOK_AUTHOR (Book_ISBN, Author_Name) VALUES ('0865659982', 'Jacques Evrard');
INSERT INTO BOOK_AUTHOR (Book_ISBN, Author_Name) VALUES ('0517576600', 'Donald Kaufman');
INSERT INTO BOOK_AUTHOR (Book_ISBN, Author_Name) VALUES ('0517576600', 'Taffy Dahl');
INSERT INTO BOOK_AUTHOR (Book_ISBN, Author_Name) VALUES ('0517576600', 'Laurel Graeber');
INSERT INTO BOOK_AUTHOR (Book_ISBN, Author_Name) VALUES ('0517576600', 'Tina Freeman');
INSERT INTO BOOK_AUTHOR (Book_ISBN, Author_Name) VALUES ('0262024829', 'Simon Benninga');
INSERT INTO BOOK_AUTHOR (Book_ISBN, Author_Name) VALUES ('0262024829', 'Benjamin Czaczkes');
INSERT INTO BOOK_AUTHOR (Book_ISBN, Author_Name) VALUES ('0072294337', 'Mark Grinblatt');
INSERT INTO BOOK_AUTHOR (Book_ISBN, Author_Name) VALUES ('0072294337', 'Sheridan Titman');
INSERT INTO BOOK_AUTHOR (Book_ISBN, Author_Name) VALUES ('0072315318', 'Robert C. Higgins');
INSERT INTO BOOK_AUTHOR (Book_ISBN, Author_Name) VALUES ('0324107501', 'Paul Marcus Fischer');
INSERT INTO BOOK_AUTHOR (Book_ISBN, Author_Name) VALUES ('0324107501', 'William James Taylor');
INSERT INTO BOOK_AUTHOR (Book_ISBN, Author_Name) VALUES ('0324107501', 'Rita Hartung Cheng');
INSERT INTO BOOK_AUTHOR (Book_ISBN, Author_Name) VALUES ('0471363049', 'Donald E. Kieso');
INSERT INTO BOOK_AUTHOR (Book_ISBN, Author_Name) VALUES ('0471363049', 'Jerry J. Weygandt');
INSERT INTO BOOK_AUTHOR (Book_ISBN, Author_Name) VALUES ('0471363049', 'Terry D. Warfield');
INSERT INTO BOOK_AUTHOR (Book_ISBN, Author_Name) VALUES ('0130323519', 'Lawrence Revsine');
INSERT INTO BOOK_AUTHOR (Book_ISBN, Author_Name) VALUES ('0130323519', 'Daniel W. Collins');
INSERT INTO BOOK_AUTHOR (Book_ISBN, Author_Name) VALUES ('0130323519', 'W. Bruce Johnson');
INSERT INTO BOOK_AUTHOR (Book_ISBN, Author_Name) VALUES ('0446527793', 'Nicholas Sparks');
INSERT INTO BOOK_AUTHOR (Book_ISBN, Author_Name) VALUES ('0743206061', 'Mary Higgins Clark');
INSERT INTO BOOK_AUTHOR (Book_ISBN, Author_Name) VALUES ('0743244249', 'Don DeLillo');
INSERT INTO BOOK_AUTHOR (Book_ISBN, Author_Name) VALUES ('0743467523', 'Stephen King');
INSERT INTO BOOK_AUTHOR (Book_ISBN, Author_Name) VALUES ('0375703764', 'Mark Z. Danielewski');
INSERT INTO BOOK_AUTHOR (Book_ISBN, Author_Name) VALUES ('0345452089', 'Michael Romkey');
INSERT INTO BOOK_AUTHOR (Book_ISBN, Author_Name) VALUES ('0385504470', 'Chuck Palahniuk');
INSERT INTO BOOK_AUTHOR (Book_ISBN, Author_Name) VALUES ('0312276702', 'Matthew Delaney');
INSERT INTO BOOK_AUTHOR (Book_ISBN, Author_Name) VALUES ('0743457358', 'Stephen King');
INSERT INTO BOOK_AUTHOR (Book_ISBN, Author_Name) VALUES ('1880418568', 'Stephen King');
INSERT INTO BOOK_AUTHOR (Book_ISBN, Author_Name) VALUES ('1880418568', 'Bernie Wrightson');
INSERT INTO BOOK_AUTHOR (Book_ISBN, Author_Name) VALUES ('0743455967', 'Stephen King');
INSERT INTO BOOK_AUTHOR (Book_ISBN, Author_Name) VALUES ('0140077022', 'Don DeLillo');
INSERT INTO BOOK_AUTHOR (Book_ISBN, Author_Name) VALUES ('0679722955', 'Don DeLillo');
INSERT INTO BOOK_AUTHOR (Book_ISBN, Author_Name) VALUES ('0684848155', 'Don DeLillo');
INSERT INTO BOOK_AUTHOR (Book_ISBN, Author_Name) VALUES ('0471286168', 'Francis D. K. Ching');
INSERT INTO BOOK_AUTHOR (Book_ISBN, Author_Name) VALUES ('0471288217', 'Francis D. K. Ching');
INSERT INTO BOOK_AUTHOR (Book_ISBN, Author_Name) VALUES ('0156006219', 'Ann Patchett');
INSERT INTO BOOK_AUTHOR (Book_ISBN, Author_Name) VALUES ('0060540753', 'Ann Patchett');
INSERT INTO BOOK_AUTHOR (Book_ISBN, Author_Name) VALUES ('0393318486', 'Steven Pinker');
INSERT INTO BOOK_AUTHOR (Book_ISBN, Author_Name) VALUES ('0060958332', 'Steven Pinker');
INSERT INTO BOOK_AUTHOR (Book_ISBN, Author_Name) VALUES ('0060958405', 'Steven Pinker');
INSERT INTO BOOK_AUTHOR (Book_ISBN, Author_Name) VALUES ('0393319407', 'Edward Osborne Wilson');
INSERT INTO BOOK_AUTHOR (Book_ISBN, Author_Name) VALUES ('067463442X', 'Edward Osborne Wilson');
INSERT INTO BOOK_AUTHOR (Book_ISBN, Author_Name) VALUES ('0446608955', 'Nicholas Sparks');
INSERT INTO BOOK_AUTHOR (Book_ISBN, Author_Name) VALUES ('0446676098', 'Nicholas Sparks');
INSERT INTO BOOK_AUTHOR (Book_ISBN, Author_Name) VALUES ('0446606812', 'Nicholas Sparks');
INSERT INTO BOOK_AUTHOR (Book_ISBN, Author_Name) VALUES ('0262521415', 'Simon Benninga');
INSERT INTO BOOK_AUTHOR (Book_ISBN, Author_Name) VALUES ('0262232197', 'Jeffrey M. Wooldridge');
INSERT INTO BOOK_AUTHOR (Book_ISBN, Author_Name) VALUES ('0324113641', 'Jeffrey M. Wooldridge');
INSERT INTO BOOK_AUTHOR (Book_ISBN, Author_Name) VALUES ('0471391123', 'Steven J. Root');
INSERT INTO BOOK_AUTHOR (Book_ISBN, Author_Name) VALUES ('0130998516', 'Ken Coffman');
INSERT INTO BOOK_AUTHOR (Book_ISBN, Author_Name) VALUES ('1565924916', 'Gerald Carter');
INSERT INTO BOOK_AUTHOR (Book_ISBN, Author_Name) VALUES ('0735712360', 'Scott Kelby');
INSERT INTO BOOK_AUTHOR (Book_ISBN, Author_Name) VALUES ('0735712379', 'Scott Kelby');
INSERT INTO BOOK_AUTHOR (Book_ISBN, Author_Name) VALUES ('0735713170', 'Scott Kelby');
INSERT INTO BOOK_AUTHOR (Book_ISBN, Author_Name) VALUES ('1558606432', 'B. J. Fogg');
INSERT INTO BOOK_AUTHOR (Book_ISBN, Author_Name) VALUES ('0072222743', 'Michael Meyers');
INSERT INTO BOOK_AUTHOR (Book_ISBN, Author_Name) VALUES ('0345409469', 'Carl Sagan');
INSERT INTO BOOK_AUTHOR (Book_ISBN, Author_Name) VALUES ('0375508325', 'Carl Sagan');
INSERT INTO BOOK_AUTHOR (Book_ISBN, Author_Name) VALUES ('0345336895', 'Carl Sagan');
INSERT INTO BOOK_AUTHOR (Book_ISBN, Author_Name) VALUES ('0671004107', 'Carl Sagan');
INSERT INTO BOOK_AUTHOR (Book_ISBN, Author_Name) VALUES ('0345376595', 'Carl Sagan');
INSERT INTO BOOK_AUTHOR (Book_ISBN, Author_Name) VALUES ('0316666343', 'Alice Sebold');
INSERT INTO BOOK_AUTHOR (Book_ISBN, Author_Name) VALUES ('0316096199', 'Alice Sebold');
INSERT INTO BOOK_AUTHOR (Book_ISBN, Author_Name) VALUES ('038572179X', 'Ian McEwan');
INSERT INTO BOOK_AUTHOR (Book_ISBN, Author_Name) VALUES ('0385494246', 'Ian McEwan');
INSERT INTO BOOK_AUTHOR (Book_ISBN, Author_Name) VALUES ('0385494327', 'Ian McEwan');
INSERT INTO BOOK_AUTHOR (Book_ISBN, Author_Name) VALUES ('0385494149', 'Ian McEwan');
INSERT INTO BOOK_AUTHOR (Book_ISBN, Author_Name) VALUES ('0399149848', 'Nora Roberts');
INSERT INTO BOOK_AUTHOR (Book_ISBN, Author_Name) VALUES ('0373218192', 'Nora Roberts');
INSERT INTO BOOK_AUTHOR (Book_ISBN, Author_Name) VALUES ('0373218257', 'Nora Roberts');
INSERT INTO BOOK_AUTHOR (Book_ISBN, Author_Name) VALUES ('0399149392', 'Nora Roberts');
INSERT INTO BOOK_AUTHOR (Book_ISBN, Author_Name) VALUES ('1561584029', 'Andy Rae');
INSERT INTO BOOK_AUTHOR (Book_ISBN, Author_Name) VALUES ('1579902944', 'Andy Rae');
INSERT INTO BOOK_AUTHOR (Book_ISBN, Author_Name) VALUES ('1561586196', 'Joseph Truini');
INSERT INTO BOOK_AUTHOR (Book_ISBN, Author_Name) VALUES ('0061092177', 'Terry Pratchett');
INSERT INTO BOOK_AUTHOR (Book_ISBN, Author_Name) VALUES ('0060502935', 'Terry Pratchett');
INSERT INTO BOOK_AUTHOR (Book_ISBN, Author_Name) VALUES ('0061020656', 'Terry Pratchett');
INSERT INTO BOOK_AUTHOR (Book_ISBN, Author_Name) VALUES ('0060855925', 'Terry Pratchett');
INSERT INTO BOOK_AUTHOR (Book_ISBN, Author_Name) VALUES ('0061020648', 'Terry Pratchett');
INSERT INTO BOOK_AUTHOR (Book_ISBN, Author_Name) VALUES ('0061161721', 'Terry Pratchett');

INSERT INTO BOOK_CATEGORY (Book_ISBN, Category_Name) VALUES ('0782140661', 'Computer');
INSERT INTO BOOK_CATEGORY (Book_ISBN, Category_Name) VALUES ('0072227885', 'Computer');
INSERT INTO BOOK_CATEGORY (Book_ISBN, Category_Name) VALUES ('0471200247', 'Computer');
INSERT INTO BOOK_CATEGORY (Book_ISBN, Category_Name) VALUES ('0072227710', 'Computer');
INSERT INTO BOOK_CATEGORY (Book_ISBN, Category_Name) VALUES ('1558605525', 'Computer');
INSERT INTO BOOK_CATEGORY (Book_ISBN, Category_Name) VALUES ('0972263608', 'Computer');
INSERT INTO BOOK_CATEGORY (Book_ISBN, Category_Name) VALUES ('0201615762', 'Computer');
INSERT INTO BOOK_CATEGORY (Book_ISBN, Category_Name) VALUES ('0782140114', 'Computer');
INSERT INTO BOOK_CATEGORY (Book_ISBN, Category_Name) VALUES ('0321125169', 'Computer');
INSERT INTO BOOK_CATEGORY (Book_ISBN, Category_Name) VALUES ('0805317554', 'Computer');
INSERT INTO BOOK_CATEGORY (Book_ISBN, Category_Name) VALUES ('1861004486', 'Computer');
INSERT INTO BOOK_CATEGORY (Book_ISBN, Category_Name) VALUES ('0735712123', 'Computer');
INSERT INTO BOOK_CATEGORY (Book_ISBN, Category_Name) VALUES ('0425188361', 'Literature & Fiction');
INSERT INTO BOOK_CATEGORY (Book_ISBN, Category_Name) VALUES ('0142001740', 'Literature & Fiction');
INSERT INTO BOOK_CATEGORY (Book_ISBN, Category_Name) VALUES ('0596004478', 'Computer');
INSERT INTO BOOK_CATEGORY (Book_ISBN, Category_Name) VALUES ('0071414339', 'Accounting & Finance');
INSERT INTO BOOK_CATEGORY (Book_ISBN, Category_Name) VALUES ('0312311354', 'Literature & Fiction');
INSERT INTO BOOK_CATEGORY (Book_ISBN, Category_Name) VALUES ('0312287941', 'Literature & Fiction');
INSERT INTO BOOK_CATEGORY (Book_ISBN, Category_Name) VALUES ('0312243022', 'Literature & Fiction');
INSERT INTO BOOK_CATEGORY (Book_ISBN, Category_Name) VALUES ('0609610570', 'Reference');
INSERT INTO BOOK_CATEGORY (Book_ISBN, Category_Name) VALUES ('0316602051', 'Literature & Fiction');
INSERT INTO BOOK_CATEGORY (Book_ISBN, Category_Name) VALUES ('0743222008', 'Literature & Fiction');
INSERT INTO BOOK_CATEGORY (Book_ISBN, Category_Name) VALUES ('0066214750', 'Literature & Fiction');
INSERT INTO BOOK_CATEGORY (Book_ISBN, Category_Name) VALUES ('0787960756', 'Accounting & Finance');
INSERT INTO BOOK_CATEGORY (Book_ISBN, Category_Name) VALUES ('1590520734', 'Romance');
INSERT INTO BOOK_CATEGORY (Book_ISBN, Category_Name) VALUES ('0060934417', 'Romance');
INSERT INTO BOOK_CATEGORY (Book_ISBN, Category_Name) VALUES ('0440237556', 'Romance');
INSERT INTO BOOK_CATEGORY (Book_ISBN, Category_Name) VALUES ('0373272839', 'Romance');
INSERT INTO BOOK_CATEGORY (Book_ISBN, Category_Name) VALUES ('0670031518', 'Science');
INSERT INTO BOOK_CATEGORY (Book_ISBN, Category_Name) VALUES ('0738206679', 'Science');
INSERT INTO BOOK_CATEGORY (Book_ISBN, Category_Name) VALUES ('067976867X', 'Science');
INSERT INTO BOOK_CATEGORY (Book_ISBN, Category_Name) VALUES ('0679450785', 'Science');
INSERT INTO BOOK_CATEGORY (Book_ISBN, Category_Name) VALUES ('1579550088', 'Science');
INSERT INTO BOOK_CATEGORY (Book_ISBN, Category_Name) VALUES ('0684843285', 'Science');
INSERT INTO BOOK_CATEGORY (Book_ISBN, Category_Name) VALUES ('0471358983', 'Home Design');
INSERT INTO BOOK_CATEGORY (Book_ISBN, Category_Name) VALUES ('0394739698', 'Home Design');
INSERT INTO BOOK_CATEGORY (Book_ISBN, Category_Name) VALUES ('1586851322', 'Home Design');
INSERT INTO BOOK_CATEGORY (Book_ISBN, Category_Name) VALUES ('1586851357', 'Home Design');
INSERT INTO BOOK_CATEGORY (Book_ISBN, Category_Name) VALUES ('156158648X', 'Home Design');
INSERT INTO BOOK_CATEGORY (Book_ISBN, Category_Name) VALUES ('0865659982', 'Home Design');
INSERT INTO BOOK_CATEGORY (Book_ISBN, Category_Name) VALUES ('0517576600', 'Home Design');
INSERT INTO BOOK_CATEGORY (Book_ISBN, Category_Name) VALUES ('0262024829', 'Accounting & Finance');
INSERT INTO BOOK_CATEGORY (Book_ISBN, Category_Name) VALUES ('0072294337', 'Accounting & Finance');
INSERT INTO BOOK_CATEGORY (Book_ISBN, Category_Name) VALUES ('0072315318', 'Accounting & Finance');
INSERT INTO BOOK_CATEGORY (Book_ISBN, Category_Name) VALUES ('0324107501', 'Accounting & Finance');
INSERT INTO BOOK_CATEGORY (Book_ISBN, Category_Name) VALUES ('0471363049', 'Accounting & Finance');
INSERT INTO BOOK_CATEGORY (Book_ISBN, Category_Name) VALUES ('0130323519', 'Accounting & Finance');
INSERT INTO BOOK_CATEGORY (Book_ISBN, Category_Name) VALUES ('0446527793', 'Literature & Fiction');
INSERT INTO BOOK_CATEGORY (Book_ISBN, Category_Name) VALUES ('0743206061', 'Literature & Fiction');
INSERT INTO BOOK_CATEGORY (Book_ISBN, Category_Name) VALUES ('0743206061', 'Accounting & Finance');
INSERT INTO BOOK_CATEGORY (Book_ISBN, Category_Name) VALUES ('0743244249', 'Literature & Fiction');
INSERT INTO BOOK_CATEGORY (Book_ISBN, Category_Name) VALUES ('0743467523', 'Horror');
INSERT INTO BOOK_CATEGORY (Book_ISBN, Category_Name) VALUES ('0375703764', 'Horror');
INSERT INTO BOOK_CATEGORY (Book_ISBN, Category_Name) VALUES ('0345452089', 'Horror');
INSERT INTO BOOK_CATEGORY (Book_ISBN, Category_Name) VALUES ('0385504470', 'Horror');
INSERT INTO BOOK_CATEGORY (Book_ISBN, Category_Name) VALUES ('0312276702', 'Horror');
INSERT INTO BOOK_CATEGORY (Book_ISBN, Category_Name) VALUES ('0743457358', 'Horror');
INSERT INTO BOOK_CATEGORY (Book_ISBN, Category_Name) VALUES ('1880418568', 'Horror');
INSERT INTO BOOK_CATEGORY (Book_ISBN, Category_Name) VALUES ('0743455967', 'Horror');
INSERT INTO BOOK_CATEGORY (Book_ISBN, Category_Name) VALUES ('0140077022', 'Literature & Fiction');
INSERT INTO BOOK_CATEGORY (Book_ISBN, Category_Name) VALUES ('0679722955', 'Literature & Fiction');
INSERT INTO BOOK_CATEGORY (Book_ISBN, Category_Name) VALUES ('0684848155', 'Literature & Fiction');
INSERT INTO BOOK_CATEGORY (Book_ISBN, Category_Name) VALUES ('0471286168', 'Home Design');
INSERT INTO BOOK_CATEGORY (Book_ISBN, Category_Name) VALUES ('0471288217', 'Home Design');
INSERT INTO BOOK_CATEGORY (Book_ISBN, Category_Name) VALUES ('0156006219', 'Romance');
INSERT INTO BOOK_CATEGORY (Book_ISBN, Category_Name) VALUES ('0060540753', 'Romance');
INSERT INTO BOOK_CATEGORY (Book_ISBN, Category_Name) VALUES ('0393318486', 'Science');
INSERT INTO BOOK_CATEGORY (Book_ISBN, Category_Name) VALUES ('0060958332', 'Science');
INSERT INTO BOOK_CATEGORY (Book_ISBN, Category_Name) VALUES ('0060958405', 'Science');
INSERT INTO BOOK_CATEGORY (Book_ISBN, Category_Name) VALUES ('0393319407', 'Science');
INSERT INTO BOOK_CATEGORY (Book_ISBN, Category_Name) VALUES ('067463442X', 'Science');
INSERT INTO BOOK_CATEGORY (Book_ISBN, Category_Name) VALUES ('0446608955', 'Literature & Fiction');
INSERT INTO BOOK_CATEGORY (Book_ISBN, Category_Name) VALUES ('0446676098', 'Literature & Fiction');
INSERT INTO BOOK_CATEGORY (Book_ISBN, Category_Name) VALUES ('0446606812', 'Literature & Fiction');
INSERT INTO BOOK_CATEGORY (Book_ISBN, Category_Name) VALUES ('0262521415', 'Accounting & Finance');
INSERT INTO BOOK_CATEGORY (Book_ISBN, Category_Name) VALUES ('0262232197', 'Accounting & Finance');
INSERT INTO BOOK_CATEGORY (Book_ISBN, Category_Name) VALUES ('0324113641', 'Accounting & Finance');
INSERT INTO BOOK_CATEGORY (Book_ISBN, Category_Name) VALUES ('0471391123', 'Accounting & Finance');
INSERT INTO BOOK_CATEGORY (Book_ISBN, Category_Name) VALUES ('0130998516', 'Computer');
INSERT INTO BOOK_CATEGORY (Book_ISBN, Category_Name) VALUES ('1565924916', 'Computer');
INSERT INTO BOOK_CATEGORY (Book_ISBN, Category_Name) VALUES ('0735712360', 'Computer');
INSERT INTO BOOK_CATEGORY (Book_ISBN, Category_Name) VALUES ('0735712379', 'Computer');
INSERT INTO BOOK_CATEGORY (Book_ISBN, Category_Name) VALUES ('0735713170', 'Computer');
INSERT INTO BOOK_CATEGORY (Book_ISBN, Category_Name) VALUES ('1558606432', 'Computer');
INSERT INTO BOOK_CATEGORY (Book_ISBN, Category_Name) VALUES ('0072222743', 'Computer');
INSERT INTO BOOK_CATEGORY (Book_ISBN, Category_Name) VALUES ('0345409469', 'Science');
INSERT INTO BOOK_CATEGORY (Book_ISBN, Category_Name) VALUES ('0375508325', 'Science');
INSERT INTO BOOK_CATEGORY (Book_ISBN, Category_Name) VALUES ('0345336895', 'Science');
INSERT INTO BOOK_CATEGORY (Book_ISBN, Category_Name) VALUES ('0671004107', 'Science');
INSERT INTO BOOK_CATEGORY (Book_ISBN, Category_Name) VALUES ('0345376595', 'Science');
INSERT INTO BOOK_CATEGORY (Book_ISBN, Category_Name) VALUES ('0316666343', 'Literature & Fiction');
INSERT INTO BOOK_CATEGORY (Book_ISBN, Category_Name) VALUES ('0316096199', 'Literature & Fiction');
INSERT INTO BOOK_CATEGORY (Book_ISBN, Category_Name) VALUES ('038572179X', 'Literature & Fiction');
INSERT INTO BOOK_CATEGORY (Book_ISBN, Category_Name) VALUES ('0385494246', 'Literature & Fiction');
INSERT INTO BOOK_CATEGORY (Book_ISBN, Category_Name) VALUES ('0385494327', 'Literature & Fiction');
INSERT INTO BOOK_CATEGORY (Book_ISBN, Category_Name) VALUES ('0385494149', 'Literature & Fiction');
INSERT INTO BOOK_CATEGORY (Book_ISBN, Category_Name) VALUES ('0399149848', 'Literature & Fiction');
INSERT INTO BOOK_CATEGORY (Book_ISBN, Category_Name) VALUES ('0373218192', 'Literature & Fiction');
INSERT INTO BOOK_CATEGORY (Book_ISBN, Category_Name) VALUES ('0373218257', 'Literature & Fiction');
INSERT INTO BOOK_CATEGORY (Book_ISBN, Category_Name) VALUES ('0399149392', 'Literature & Fiction');
INSERT INTO BOOK_CATEGORY (Book_ISBN, Category_Name) VALUES ('1561584029', 'Home Design');
INSERT INTO BOOK_CATEGORY (Book_ISBN, Category_Name) VALUES ('1579902944', 'Home Design');
INSERT INTO BOOK_CATEGORY (Book_ISBN, Category_Name) VALUES ('1561586196', 'Home Design');
INSERT INTO BOOK_CATEGORY (Book_ISBN, Category_Name) VALUES ('0061092177', 'Fantasy');
INSERT INTO BOOK_CATEGORY (Book_ISBN, Category_Name) VALUES ('0060502935', 'Fantasy');
INSERT INTO BOOK_CATEGORY (Book_ISBN, Category_Name) VALUES ('0061020656', 'Fantasy');
INSERT INTO BOOK_CATEGORY (Book_ISBN, Category_Name) VALUES ('0060855925', 'Fantasy');
INSERT INTO BOOK_CATEGORY (Book_ISBN, Category_Name) VALUES ('0061020648', 'Fantasy');
INSERT INTO BOOK_CATEGORY (Book_ISBN, Category_Name) VALUES ('0061161721', 'Fantasy');

INSERT INTO BOOK_PUBLISHER (Book_ISBN, Publisher_Name) VALUES ('0782140661', 'Sybex');
INSERT INTO BOOK_PUBLISHER (Book_ISBN, Publisher_Name) VALUES ('0072227885', 'McGraw-Hill Osborne Media');
INSERT INTO BOOK_PUBLISHER (Book_ISBN, Publisher_Name) VALUES ('0471200247', 'John Wiley & Sons');
INSERT INTO BOOK_PUBLISHER (Book_ISBN, Publisher_Name) VALUES ('0072227710', 'McGraw-Hill Osborne Media');
INSERT INTO BOOK_PUBLISHER (Book_ISBN, Publisher_Name) VALUES ('1558605525', 'Morgan Kaufmann');
INSERT INTO BOOK_PUBLISHER (Book_ISBN, Publisher_Name) VALUES ('0972263608', 'Schmidt Ink, Inc.');
INSERT INTO BOOK_PUBLISHER (Book_ISBN, Publisher_Name) VALUES ('0201615762', 'Addison-Wesley Pub Co');
INSERT INTO BOOK_PUBLISHER (Book_ISBN, Publisher_Name) VALUES ('0782140114', 'Sybex');
INSERT INTO BOOK_PUBLISHER (Book_ISBN, Publisher_Name) VALUES ('0321125169', 'Macromedia Press');
INSERT INTO BOOK_PUBLISHER (Book_ISBN, Publisher_Name) VALUES ('0805317554', 'Addison-Wesley Publishing');
INSERT INTO BOOK_PUBLISHER (Book_ISBN, Publisher_Name) VALUES ('1861004486', 'Wrox Press Inc');
INSERT INTO BOOK_PUBLISHER (Book_ISBN, Publisher_Name) VALUES ('0735712123', 'Addison-Wesley Publishing');
INSERT INTO BOOK_PUBLISHER (Book_ISBN, Publisher_Name) VALUES ('0425188361', 'Berkley Pub Group');
INSERT INTO BOOK_PUBLISHER (Book_ISBN, Publisher_Name) VALUES ('0142001740', 'Penguin USA');
INSERT INTO BOOK_PUBLISHER (Book_ISBN, Publisher_Name) VALUES ('0596004478', 'O''Reilly & Associates');
INSERT INTO BOOK_PUBLISHER (Book_ISBN, Publisher_Name) VALUES ('0071414339', 'McGraw-Hill Trade');
INSERT INTO BOOK_PUBLISHER (Book_ISBN, Publisher_Name) VALUES ('0312311354', 'Picador');
INSERT INTO BOOK_PUBLISHER (Book_ISBN, Publisher_Name) VALUES ('0312287941', 'St. Martin''s Press');
INSERT INTO BOOK_PUBLISHER (Book_ISBN, Publisher_Name) VALUES ('0312243022', 'Picador');
INSERT INTO BOOK_PUBLISHER (Book_ISBN, Publisher_Name) VALUES ('0609610570', 'Crown Pub');
INSERT INTO BOOK_PUBLISHER (Book_ISBN, Publisher_Name) VALUES ('0316602051', 'Little Brown & Company');
INSERT INTO BOOK_PUBLISHER (Book_ISBN, Publisher_Name) VALUES ('0743222008', 'Simon & Schuster');
INSERT INTO BOOK_PUBLISHER (Book_ISBN, Publisher_Name) VALUES ('0066214750', 'HarperCollins');
INSERT INTO BOOK_PUBLISHER (Book_ISBN, Publisher_Name) VALUES ('0787960756', 'Jossey-Bass');
INSERT INTO BOOK_PUBLISHER (Book_ISBN, Publisher_Name) VALUES ('1590520734', 'Multnomah Publishers Inc.');
INSERT INTO BOOK_PUBLISHER (Book_ISBN, Publisher_Name) VALUES ('0060934417', 'Perennial');
INSERT INTO BOOK_PUBLISHER (Book_ISBN, Publisher_Name) VALUES ('0440237556', 'Dell Pub Co');
INSERT INTO BOOK_PUBLISHER (Book_ISBN, Publisher_Name) VALUES ('0373272839', 'Harlequin');
INSERT INTO BOOK_PUBLISHER (Book_ISBN, Publisher_Name) VALUES ('0670031518', 'Viking Press');
INSERT INTO BOOK_PUBLISHER (Book_ISBN, Publisher_Name) VALUES ('0738206679', 'Perseus Publishing');
INSERT INTO BOOK_PUBLISHER (Book_ISBN, Publisher_Name) VALUES ('067976867X', 'Random House');
INSERT INTO BOOK_PUBLISHER (Book_ISBN, Publisher_Name) VALUES ('0679450785', 'Knopf');
INSERT INTO BOOK_PUBLISHER (Book_ISBN, Publisher_Name) VALUES ('1579550088', 'Wolfram Media, Inc.');
INSERT INTO BOOK_PUBLISHER (Book_ISBN, Publisher_Name) VALUES ('0684843285', 'Fireside');
INSERT INTO BOOK_PUBLISHER (Book_ISBN, Publisher_Name) VALUES ('0471358983', 'John Wiley & Sons');
INSERT INTO BOOK_PUBLISHER (Book_ISBN, Publisher_Name) VALUES ('0394739698', 'Random House Trade Paperbacks');
INSERT INTO BOOK_PUBLISHER (Book_ISBN, Publisher_Name) VALUES ('1586851322', 'Gibbs Smith Publisher');
INSERT INTO BOOK_PUBLISHER (Book_ISBN, Publisher_Name) VALUES ('1586851357', 'Gibbs Smith Publisher');
INSERT INTO BOOK_PUBLISHER (Book_ISBN, Publisher_Name) VALUES ('156158648X', 'Taunton Pr');
INSERT INTO BOOK_PUBLISHER (Book_ISBN, Publisher_Name) VALUES ('0865659982', 'Vendome Pr');
INSERT INTO BOOK_PUBLISHER (Book_ISBN, Publisher_Name) VALUES ('0517576600', 'Clarkson N. Potter');
INSERT INTO BOOK_PUBLISHER (Book_ISBN, Publisher_Name) VALUES ('0262024829', 'MIT Press');
INSERT INTO BOOK_PUBLISHER (Book_ISBN, Publisher_Name) VALUES ('0072294337', 'McGraw-Hill/Irwin');
INSERT INTO BOOK_PUBLISHER (Book_ISBN, Publisher_Name) VALUES ('0072315318', 'McGraw-Hill/Irwin');
INSERT INTO BOOK_PUBLISHER (Book_ISBN, Publisher_Name) VALUES ('0324107501', 'South-Western College Pub');
INSERT INTO BOOK_PUBLISHER (Book_ISBN, Publisher_Name) VALUES ('0471363049', 'John Wiley & Sons');
INSERT INTO BOOK_PUBLISHER (Book_ISBN, Publisher_Name) VALUES ('0130323519', 'Prentice Hall');
INSERT INTO BOOK_PUBLISHER (Book_ISBN, Publisher_Name) VALUES ('0446527793', 'Warner Books');
INSERT INTO BOOK_PUBLISHER (Book_ISBN, Publisher_Name) VALUES ('0743206061', 'Simon & Schuster');
INSERT INTO BOOK_PUBLISHER (Book_ISBN, Publisher_Name) VALUES ('0743244249', 'Scribner');
INSERT INTO BOOK_PUBLISHER (Book_ISBN, Publisher_Name) VALUES ('0743467523', 'Pocket Books');
INSERT INTO BOOK_PUBLISHER (Book_ISBN, Publisher_Name) VALUES ('0375703764', 'Pantheon Books');
INSERT INTO BOOK_PUBLISHER (Book_ISBN, Publisher_Name) VALUES ('0345452089', 'Del Rey');
INSERT INTO BOOK_PUBLISHER (Book_ISBN, Publisher_Name) VALUES ('0385504470', 'Doubleday');
INSERT INTO BOOK_PUBLISHER (Book_ISBN, Publisher_Name) VALUES ('0312276702', 'St. Martin''s Press');
INSERT INTO BOOK_PUBLISHER (Book_ISBN, Publisher_Name) VALUES ('0743457358', 'Pocket Books');
INSERT INTO BOOK_PUBLISHER (Book_ISBN, Publisher_Name) VALUES ('1880418568', 'Donald M. Grant Publisher, Inc.');
INSERT INTO BOOK_PUBLISHER (Book_ISBN, Publisher_Name) VALUES ('0743455967', 'Pocket Books');
INSERT INTO BOOK_PUBLISHER (Book_ISBN, Publisher_Name) VALUES ('0140077022', 'Penguin USA');
INSERT INTO BOOK_PUBLISHER (Book_ISBN, Publisher_Name) VALUES ('0679722955', 'Vintage Books');
INSERT INTO BOOK_PUBLISHER (Book_ISBN, Publisher_Name) VALUES ('0684848155', 'Scribner Paperback Fiction');
INSERT INTO BOOK_PUBLISHER (Book_ISBN, Publisher_Name) VALUES ('0471286168', 'John Wiley & Sons');
INSERT INTO BOOK_PUBLISHER (Book_ISBN, Publisher_Name) VALUES ('0471288217', 'John Wiley & Sons');
INSERT INTO BOOK_PUBLISHER (Book_ISBN, Publisher_Name) VALUES ('0156006219', 'Harvest Books');
INSERT INTO BOOK_PUBLISHER (Book_ISBN, Publisher_Name) VALUES ('0060540753', 'Harperperennial Library');
INSERT INTO BOOK_PUBLISHER (Book_ISBN, Publisher_Name) VALUES ('0393318486', 'W.W. Norton & Company');
INSERT INTO BOOK_PUBLISHER (Book_ISBN, Publisher_Name) VALUES ('0060958332', 'Perennial');
INSERT INTO BOOK_PUBLISHER (Book_ISBN, Publisher_Name) VALUES ('0060958405', 'Perennial');
INSERT INTO BOOK_PUBLISHER (Book_ISBN, Publisher_Name) VALUES ('0393319407', 'W.W. Norton & Company');
INSERT INTO BOOK_PUBLISHER (Book_ISBN, Publisher_Name) VALUES ('067463442X', 'Harvard Univ Pr');
INSERT INTO BOOK_PUBLISHER (Book_ISBN, Publisher_Name) VALUES ('0446608955', 'Warner Books');
INSERT INTO BOOK_PUBLISHER (Book_ISBN, Publisher_Name) VALUES ('0446676098', 'Warner Books');
INSERT INTO BOOK_PUBLISHER (Book_ISBN, Publisher_Name) VALUES ('0446606812', 'Warner Books');
INSERT INTO BOOK_PUBLISHER (Book_ISBN, Publisher_Name) VALUES ('0262521415', 'MIT Press');
INSERT INTO BOOK_PUBLISHER (Book_ISBN, Publisher_Name) VALUES ('0262232197', 'MIT Press');
INSERT INTO BOOK_PUBLISHER (Book_ISBN, Publisher_Name) VALUES ('0324113641', 'South-Western College Pub');
INSERT INTO BOOK_PUBLISHER (Book_ISBN, Publisher_Name) VALUES ('0471391123', 'John Wiley & Sons');
INSERT INTO BOOK_PUBLISHER (Book_ISBN, Publisher_Name) VALUES ('0130998516', 'Prentice Hall PTR');
INSERT INTO BOOK_PUBLISHER (Book_ISBN, Publisher_Name) VALUES ('1565924916', 'O''Reilly & Associates');
INSERT INTO BOOK_PUBLISHER (Book_ISBN, Publisher_Name) VALUES ('0735712360', 'New Riders Publishing');
INSERT INTO BOOK_PUBLISHER (Book_ISBN, Publisher_Name) VALUES ('0735712379', 'New Riders Publishing');
INSERT INTO BOOK_PUBLISHER (Book_ISBN, Publisher_Name) VALUES ('0735713170', 'New Riders Publishing');
INSERT INTO BOOK_PUBLISHER (Book_ISBN, Publisher_Name) VALUES ('1558606432', 'Morgan Kaufmann');
INSERT INTO BOOK_PUBLISHER (Book_ISBN, Publisher_Name) VALUES ('0072222743', 'McGraw-Hill Osborne Media');
INSERT INTO BOOK_PUBLISHER (Book_ISBN, Publisher_Name) VALUES ('0345409469', 'Ballantine Books');
INSERT INTO BOOK_PUBLISHER (Book_ISBN, Publisher_Name) VALUES ('0375508325', 'Random House');
INSERT INTO BOOK_PUBLISHER (Book_ISBN, Publisher_Name) VALUES ('0345336895', 'Ballantine Books');
INSERT INTO BOOK_PUBLISHER (Book_ISBN, Publisher_Name) VALUES ('0671004107', 'Pocket Books');
INSERT INTO BOOK_PUBLISHER (Book_ISBN, Publisher_Name) VALUES ('0345376595', 'Ballantine Books');
INSERT INTO BOOK_PUBLISHER (Book_ISBN, Publisher_Name) VALUES ('0316666343', 'Little Brown & Company');
INSERT INTO BOOK_PUBLISHER (Book_ISBN, Publisher_Name) VALUES ('0316096199', 'Back Bay Books');
INSERT INTO BOOK_PUBLISHER (Book_ISBN, Publisher_Name) VALUES ('038572179X', 'Anchor Books');
INSERT INTO BOOK_PUBLISHER (Book_ISBN, Publisher_Name) VALUES ('0385494246', 'Anchor Books');
INSERT INTO BOOK_PUBLISHER (Book_ISBN, Publisher_Name) VALUES ('0385494327', 'Anchor Books');
INSERT INTO BOOK_PUBLISHER (Book_ISBN, Publisher_Name) VALUES ('0385494149', 'Anchor Books');
INSERT INTO BOOK_PUBLISHER (Book_ISBN, Publisher_Name) VALUES ('0399149848', 'Putnam Pub Group');
INSERT INTO BOOK_PUBLISHER (Book_ISBN, Publisher_Name) VALUES ('0373218192', 'Silhouette');
INSERT INTO BOOK_PUBLISHER (Book_ISBN, Publisher_Name) VALUES ('0373218257', 'Harlequin');
INSERT INTO BOOK_PUBLISHER (Book_ISBN, Publisher_Name) VALUES ('0399149392', 'Putnam Pub Group');
INSERT INTO BOOK_PUBLISHER (Book_ISBN, Publisher_Name) VALUES ('1561584029', 'Taunton Pr');
INSERT INTO BOOK_PUBLISHER (Book_ISBN, Publisher_Name) VALUES ('1579902944', 'Lark Books');
INSERT INTO BOOK_PUBLISHER (Book_ISBN, Publisher_Name) VALUES ('1561586196', 'Taunton Pr');
INSERT INTO BOOK_PUBLISHER (Book_ISBN, Publisher_Name) VALUES ('0061092177', 'Harper');
INSERT INTO BOOK_PUBLISHER (Book_ISBN, Publisher_Name) VALUES ('0060502935', 'Harper');
INSERT INTO BOOK_PUBLISHER (Book_ISBN, Publisher_Name) VALUES ('0061020656', 'Harper');
INSERT INTO BOOK_PUBLISHER (Book_ISBN, Publisher_Name) VALUES ('0060855925', 'Harper');
INSERT INTO BOOK_PUBLISHER (Book_ISBN, Publisher_Name) VALUES ('0061020648', 'Harper');
INSERT INTO BOOK_PUBLISHER (Book_ISBN, Publisher_Name) VALUES ('0061161721', 'Harper');

INSERT INTO BOOK_STOCK (Book_ISBN, Warehouse_Id, Quantity) VALUES ('0782140661', 6, 15);
INSERT INTO BOOK_STOCK (Book_ISBN, Warehouse_Id, Quantity) VALUES ('0072227885', 5, 41);
INSERT INTO BOOK_STOCK (Book_ISBN, Warehouse_Id, Quantity) VALUES ('0471200247', 4, 25);
INSERT INTO BOOK_STOCK (Book_ISBN, Warehouse_Id, Quantity) VALUES ('0072227710', 6, 56);
INSERT INTO BOOK_STOCK (Book_ISBN, Warehouse_Id, Quantity) VALUES ('1558605525', 7, 87);
INSERT INTO BOOK_STOCK (Book_ISBN, Warehouse_Id, Quantity) VALUES ('0972263608', 6, 26);
INSERT INTO BOOK_STOCK (Book_ISBN, Warehouse_Id, Quantity) VALUES ('0201615762', 6, 86);
INSERT INTO BOOK_STOCK (Book_ISBN, Warehouse_Id, Quantity) VALUES ('0782140114', 1, 84);
INSERT INTO BOOK_STOCK (Book_ISBN, Warehouse_Id, Quantity) VALUES ('0321125169', 2, 1);
INSERT INTO BOOK_STOCK (Book_ISBN, Warehouse_Id, Quantity) VALUES ('0805317554', 3, 8);
INSERT INTO BOOK_STOCK (Book_ISBN, Warehouse_Id, Quantity) VALUES ('1861004486', 7, 76);
INSERT INTO BOOK_STOCK (Book_ISBN, Warehouse_Id, Quantity) VALUES ('0735712123', 2, 70);
INSERT INTO BOOK_STOCK (Book_ISBN, Warehouse_Id, Quantity) VALUES ('0425188361', 6, 85);
INSERT INTO BOOK_STOCK (Book_ISBN, Warehouse_Id, Quantity) VALUES ('0142001740', 6, 58);
INSERT INTO BOOK_STOCK (Book_ISBN, Warehouse_Id, Quantity) VALUES ('0596004478', 4, 9);
INSERT INTO BOOK_STOCK (Book_ISBN, Warehouse_Id, Quantity) VALUES ('0071414339', 3, 44);
INSERT INTO BOOK_STOCK (Book_ISBN, Warehouse_Id, Quantity) VALUES ('0312311354', 1, 20);
INSERT INTO BOOK_STOCK (Book_ISBN, Warehouse_Id, Quantity) VALUES ('0312287941', 3, 33);
INSERT INTO BOOK_STOCK (Book_ISBN, Warehouse_Id, Quantity) VALUES ('0312243022', 1, 90);
INSERT INTO BOOK_STOCK (Book_ISBN, Warehouse_Id, Quantity) VALUES ('0609610570', 2, 25);
INSERT INTO BOOK_STOCK (Book_ISBN, Warehouse_Id, Quantity) VALUES ('0316602051', 4, 75);
INSERT INTO BOOK_STOCK (Book_ISBN, Warehouse_Id, Quantity) VALUES ('0743222008', 5, 10);
INSERT INTO BOOK_STOCK (Book_ISBN, Warehouse_Id, Quantity) VALUES ('0066214750', 4, 2);
INSERT INTO BOOK_STOCK (Book_ISBN, Warehouse_Id, Quantity) VALUES ('0787960756', 3, 86);
INSERT INTO BOOK_STOCK (Book_ISBN, Warehouse_Id, Quantity) VALUES ('1590520734', 2, 23);
INSERT INTO BOOK_STOCK (Book_ISBN, Warehouse_Id, Quantity) VALUES ('0060934417', 7, 25);
INSERT INTO BOOK_STOCK (Book_ISBN, Warehouse_Id, Quantity) VALUES ('0440237556', 6, 74);
INSERT INTO BOOK_STOCK (Book_ISBN, Warehouse_Id, Quantity) VALUES ('0373272839', 3, 0);
INSERT INTO BOOK_STOCK (Book_ISBN, Warehouse_Id, Quantity) VALUES ('0670031518', 2, 13);
INSERT INTO BOOK_STOCK (Book_ISBN, Warehouse_Id, Quantity) VALUES ('0738206679', 3, 74);
INSERT INTO BOOK_STOCK (Book_ISBN, Warehouse_Id, Quantity) VALUES ('067976867X', 3, 27);
INSERT INTO BOOK_STOCK (Book_ISBN, Warehouse_Id, Quantity) VALUES ('0679450785', 5, 41);
INSERT INTO BOOK_STOCK (Book_ISBN, Warehouse_Id, Quantity) VALUES ('1579550088', 5, 72);
INSERT INTO BOOK_STOCK (Book_ISBN, Warehouse_Id, Quantity) VALUES ('0684843285', 4, 26);
INSERT INTO BOOK_STOCK (Book_ISBN, Warehouse_Id, Quantity) VALUES ('0471358983', 2, 16);
INSERT INTO BOOK_STOCK (Book_ISBN, Warehouse_Id, Quantity) VALUES ('0394739698', 2, 35);
INSERT INTO BOOK_STOCK (Book_ISBN, Warehouse_Id, Quantity) VALUES ('1586851322', 6, 44);
INSERT INTO BOOK_STOCK (Book_ISBN, Warehouse_Id, Quantity) VALUES ('1586851357', 3, 0);
INSERT INTO BOOK_STOCK (Book_ISBN, Warehouse_Id, Quantity) VALUES ('156158648X', 6, 96);
INSERT INTO BOOK_STOCK (Book_ISBN, Warehouse_Id, Quantity) VALUES ('0865659982', 4, 41);
INSERT INTO BOOK_STOCK (Book_ISBN, Warehouse_Id, Quantity) VALUES ('0517576600', 5, 99);
INSERT INTO BOOK_STOCK (Book_ISBN, Warehouse_Id, Quantity) VALUES ('0262024829', 5, 61);
INSERT INTO BOOK_STOCK (Book_ISBN, Warehouse_Id, Quantity) VALUES ('0072294337', 4, 19);
INSERT INTO BOOK_STOCK (Book_ISBN, Warehouse_Id, Quantity) VALUES ('0072315318', 5, 43);
INSERT INTO BOOK_STOCK (Book_ISBN, Warehouse_Id, Quantity) VALUES ('0324107501', 6, 92);
INSERT INTO BOOK_STOCK (Book_ISBN, Warehouse_Id, Quantity) VALUES ('0471363049', 1, 59);
INSERT INTO BOOK_STOCK (Book_ISBN, Warehouse_Id, Quantity) VALUES ('0130323519', 6, 16);
INSERT INTO BOOK_STOCK (Book_ISBN, Warehouse_Id, Quantity) VALUES ('0446527793', 7, 30);
INSERT INTO BOOK_STOCK (Book_ISBN, Warehouse_Id, Quantity) VALUES ('0743206061', 2, 80);
INSERT INTO BOOK_STOCK (Book_ISBN, Warehouse_Id, Quantity) VALUES ('0743244249', 1, 13);
INSERT INTO BOOK_STOCK (Book_ISBN, Warehouse_Id, Quantity) VALUES ('0743467523', 3, 97);
INSERT INTO BOOK_STOCK (Book_ISBN, Warehouse_Id, Quantity) VALUES ('0375703764', 4, 81);
INSERT INTO BOOK_STOCK (Book_ISBN, Warehouse_Id, Quantity) VALUES ('0345452089', 2, 67);
INSERT INTO BOOK_STOCK (Book_ISBN, Warehouse_Id, Quantity) VALUES ('0385504470', 6, 59);
INSERT INTO BOOK_STOCK (Book_ISBN, Warehouse_Id, Quantity) VALUES ('0312276702', 4, 33);
INSERT INTO BOOK_STOCK (Book_ISBN, Warehouse_Id, Quantity) VALUES ('0743457358', 3, 56);
INSERT INTO BOOK_STOCK (Book_ISBN, Warehouse_Id, Quantity) VALUES ('1880418568', 1, 13);
INSERT INTO BOOK_STOCK (Book_ISBN, Warehouse_Id, Quantity) VALUES ('0743455967', 7, 91);
INSERT INTO BOOK_STOCK (Book_ISBN, Warehouse_Id, Quantity) VALUES ('0140077022', 6, 28);
INSERT INTO BOOK_STOCK (Book_ISBN, Warehouse_Id, Quantity) VALUES ('0679722955', 7, 1);
INSERT INTO BOOK_STOCK (Book_ISBN, Warehouse_Id, Quantity) VALUES ('0684848155', 7, 25);
INSERT INTO BOOK_STOCK (Book_ISBN, Warehouse_Id, Quantity) VALUES ('0471286168', 4, 48);
INSERT INTO BOOK_STOCK (Book_ISBN, Warehouse_Id, Quantity) VALUES ('0471288217', 4, 43);
INSERT INTO BOOK_STOCK (Book_ISBN, Warehouse_Id, Quantity) VALUES ('0156006219', 3, 84);
INSERT INTO BOOK_STOCK (Book_ISBN, Warehouse_Id, Quantity) VALUES ('0060540753', 6, 59);
INSERT INTO BOOK_STOCK (Book_ISBN, Warehouse_Id, Quantity) VALUES ('0393318486', 4, 1);
INSERT INTO BOOK_STOCK (Book_ISBN, Warehouse_Id, Quantity) VALUES ('0060958332', 6, 11);
INSERT INTO BOOK_STOCK (Book_ISBN, Warehouse_Id, Quantity) VALUES ('0060958405', 2, 34);
INSERT INTO BOOK_STOCK (Book_ISBN, Warehouse_Id, Quantity) VALUES ('0393319407', 6, 55);
INSERT INTO BOOK_STOCK (Book_ISBN, Warehouse_Id, Quantity) VALUES ('067463442X', 3, 84);
INSERT INTO BOOK_STOCK (Book_ISBN, Warehouse_Id, Quantity) VALUES ('0446608955', 4, 77);
INSERT INTO BOOK_STOCK (Book_ISBN, Warehouse_Id, Quantity) VALUES ('0446676098', 5, 92);
INSERT INTO BOOK_STOCK (Book_ISBN, Warehouse_Id, Quantity) VALUES ('0446606812', 3, 17);
INSERT INTO BOOK_STOCK (Book_ISBN, Warehouse_Id, Quantity) VALUES ('0262521415', 4, 75);
INSERT INTO BOOK_STOCK (Book_ISBN, Warehouse_Id, Quantity) VALUES ('0262232197', 2, 48);
INSERT INTO BOOK_STOCK (Book_ISBN, Warehouse_Id, Quantity) VALUES ('0324113641', 1, 10);
INSERT INTO BOOK_STOCK (Book_ISBN, Warehouse_Id, Quantity) VALUES ('0471391123', 1, 15);
INSERT INTO BOOK_STOCK (Book_ISBN, Warehouse_Id, Quantity) VALUES ('0130998516', 4, 61);
INSERT INTO BOOK_STOCK (Book_ISBN, Warehouse_Id, Quantity) VALUES ('1565924916', 2, 97);
INSERT INTO BOOK_STOCK (Book_ISBN, Warehouse_Id, Quantity) VALUES ('0735712360', 7, 65);
INSERT INTO BOOK_STOCK (Book_ISBN, Warehouse_Id, Quantity) VALUES ('0735712379', 1, 28);
INSERT INTO BOOK_STOCK (Book_ISBN, Warehouse_Id, Quantity) VALUES ('0735713170', 1, 52);
INSERT INTO BOOK_STOCK (Book_ISBN, Warehouse_Id, Quantity) VALUES ('1558606432', 3, 58);
INSERT INTO BOOK_STOCK (Book_ISBN, Warehouse_Id, Quantity) VALUES ('0072222743', 3, 23);
INSERT INTO BOOK_STOCK (Book_ISBN, Warehouse_Id, Quantity) VALUES ('0345409469', 1, 88);
INSERT INTO BOOK_STOCK (Book_ISBN, Warehouse_Id, Quantity) VALUES ('0375508325', 4, 58);
INSERT INTO BOOK_STOCK (Book_ISBN, Warehouse_Id, Quantity) VALUES ('0345336895', 4, 52);
INSERT INTO BOOK_STOCK (Book_ISBN, Warehouse_Id, Quantity) VALUES ('0671004107', 4, 73);
INSERT INTO BOOK_STOCK (Book_ISBN, Warehouse_Id, Quantity) VALUES ('0345376595', 5, 20);
INSERT INTO BOOK_STOCK (Book_ISBN, Warehouse_Id, Quantity) VALUES ('0316666343', 6, 90);
INSERT INTO BOOK_STOCK (Book_ISBN, Warehouse_Id, Quantity) VALUES ('0316096199', 3, 16);
INSERT INTO BOOK_STOCK (Book_ISBN, Warehouse_Id, Quantity) VALUES ('038572179X', 6, 89);
INSERT INTO BOOK_STOCK (Book_ISBN, Warehouse_Id, Quantity) VALUES ('0385494246', 1, 24);
INSERT INTO BOOK_STOCK (Book_ISBN, Warehouse_Id, Quantity) VALUES ('0385494327', 2, 3);
INSERT INTO BOOK_STOCK (Book_ISBN, Warehouse_Id, Quantity) VALUES ('0385494149', 6, 65);
INSERT INTO BOOK_STOCK (Book_ISBN, Warehouse_Id, Quantity) VALUES ('0399149848', 7, 78);
INSERT INTO BOOK_STOCK (Book_ISBN, Warehouse_Id, Quantity) VALUES ('0373218192', 4, 70);
INSERT INTO BOOK_STOCK (Book_ISBN, Warehouse_Id, Quantity) VALUES ('0373218257', 5, 77);
INSERT INTO BOOK_STOCK (Book_ISBN, Warehouse_Id, Quantity) VALUES ('0399149392', 4, 1);
INSERT INTO BOOK_STOCK (Book_ISBN, Warehouse_Id, Quantity) VALUES ('1561584029', 7, 91);
INSERT INTO BOOK_STOCK (Book_ISBN, Warehouse_Id, Quantity) VALUES ('1579902944', 3, 81);
INSERT INTO BOOK_STOCK (Book_ISBN, Warehouse_Id, Quantity) VALUES ('1561586196', 1, 47);
INSERT INTO BOOK_STOCK (Book_ISBN, Warehouse_Id, Quantity) VALUES ('0061092177', 2, 49);
INSERT INTO BOOK_STOCK (Book_ISBN, Warehouse_Id, Quantity) VALUES ('0060502935', 4, 99);
INSERT INTO BOOK_STOCK (Book_ISBN, Warehouse_Id, Quantity) VALUES ('0061020656', 4, 54);
INSERT INTO BOOK_STOCK (Book_ISBN, Warehouse_Id, Quantity) VALUES ('0060855925', 6, 50);
INSERT INTO BOOK_STOCK (Book_ISBN, Warehouse_Id, Quantity) VALUES ('0061020648', 4, 11);
INSERT INTO BOOK_STOCK (Book_ISBN, Warehouse_Id, Quantity) VALUES ('0061161721', 7, 63);


INSERT INTO CREDIT_CARD (Credit_Card_Number, CVV_Code, Billing_Address_Id)
VALUES (1234123412341234, 123, 1);

INSERT INTO CREDIT_CARD (Credit_Card_Number, CVV_Code, Billing_Address_Id)
VALUES (2345234523452345, 234, 1);

INSERT INTO CREDIT_CARD (Credit_Card_Number, CVV_Code, Billing_Address_Id)
VALUES (3456345634563456, 345, 1);

INSERT INTO CREDIT_CARD (Credit_Card_Number, CVV_Code, Billing_Address_Id)
VALUES (4567456745674567, 456, 1);

INSERT INTO CREDIT_CARD (Credit_Card_Number, CVV_Code, Billing_Address_Id)
VALUES (5678567856785678, 567, 1);

INSERT INTO CREDIT_CARD (Credit_Card_Number, CVV_Code, Billing_Address_Id)
VALUES (6789678967896789, 678, 1);

INSERT INTO CREDIT_CARD (Credit_Card_Number, CVV_Code, Billing_Address_Id)
VALUES (7890789078907890, 789, 1);

INSERT INTO CREDIT_CARD (Credit_Card_Number, CVV_Code, Billing_Address_Id)
VALUES (2086933024487716, 458, 1);

INSERT INTO CREDIT_CARD (Credit_Card_Number, CVV_Code, Billing_Address_Id)
VALUES (3977480329117148, 160, 1);

INSERT INTO CREDIT_CARD (Credit_Card_Number, CVV_Code, Billing_Address_Id)
VALUES (1020788531832091, 965, 1);

INSERT INTO CREDIT_CARD (Credit_Card_Number, CVV_Code, Billing_Address_Id)
VALUES (7118699865064993, 097, 1);

INSERT INTO CREDIT_CARD (Credit_Card_Number, CVV_Code, Billing_Address_Id)
VALUES (9274393275767280, 808, 1);

INSERT INTO CREDIT_CARD (Credit_Card_Number, CVV_Code, Billing_Address_Id)
VALUES (7142747742356947, 761, 1);

INSERT INTO CREDIT_CARD (Credit_Card_Number, CVV_Code, Billing_Address_Id)
VALUES (7581481926668491, 640, 1);

INSERT INTO CREDIT_CARD (Credit_Card_Number, CVV_Code, Billing_Address_Id)
VALUES (9783615757241209, 399, 1);

INSERT INTO CREDIT_CARD (Credit_Card_Number, CVV_Code, Billing_Address_Id)
VALUES (3020630102993716, 906, 1);

INSERT INTO CREDIT_CARD (Credit_Card_Number, CVV_Code, Billing_Address_Id)
VALUES (5034791761743797, 725, 1);

INSERT INTO CREDIT_CARD (Credit_Card_Number, CVV_Code, Billing_Address_Id)
VALUES (6710040564782692, 588, 1);

INSERT INTO CREDIT_CARD (Credit_Card_Number, CVV_Code, Billing_Address_Id)
VALUES (8160409275624315, 619, 1);

INSERT INTO CREDIT_CARD (Credit_Card_Number, CVV_Code, Billing_Address_Id)
VALUES (6845411904995963, 739, 1);


INSERT INTO CUSTOMER (Id, First_Name, Last_Name, Email, Pass_Hash, Address_Id, Credit_Card_Number) VALUES
  (1, 'Xiao', 'Liang', 'izzyliang@gmail.com', 'pbkdf2:sha1:1000$B8w6CiKl$4455e285f7cf63df5c967d7dc7dce5a257ab016e', 1,
   1234123412341234);

INSERT INTO CUSTOMER (Id, First_Name, Last_Name, Email, Pass_Hash, Address_Id, Credit_Card_Number) VALUES
  (2, 'Elliot', 'Lee', 'hylee101001@gmail.com', 'pbkdf2:sha1:1000$gtmSqePH$da7d04a49e28ee0ca8889cedd274bdb924925ec5', 1,
   2345234523452345);

INSERT INTO CUSTOMER (Id, First_Name, Last_Name, Email, Pass_Hash, Address_Id, Credit_Card_Number) VALUES
  (3, 'Yubin', 'He', 'he.922@osu.edu', 'pbkdf2:sha1:1000$hChw74MF$e69f56797ca5a035e490daf26709bd7e26a738a7', 1,
   3456345634563456);

INSERT INTO CUSTOMER (Id, First_Name, Last_Name, Email, Pass_Hash, Address_Id, Credit_Card_Number) VALUES
  (4, 'Kaiwen', 'Hu', 'm19930225@gmail.com', 'pbkdf2:sha1:1000$Q8qYCxxz$f488d963367874b916479ebfae6179d4239e426b', 1,
   4567456745674567);

INSERT INTO CUSTOMER (Id, First_Name, Last_Name, Email, Pass_Hash, Address_Id, Credit_Card_Number) VALUES
  (5, 'Rong', 'Chen', 'rongchen0905@gmail.com', 'pbkdf2:sha1:1000$mBcPaPgU$b14fb5cb52f3a8d4b05be164c90864f95a93f8b1',
   1, 5678567856785678);

INSERT INTO CUSTOMER (Id, First_Name, Last_Name, Email, Pass_Hash, Address_Id, Credit_Card_Number) VALUES
  (6, 'Yupeng', 'Zou', 'zou.172@osu.edu', 'pbkdf2:sha1:1000$L2o3WA9u$ce60b233bb40887672b00cfa497e9658dd495e10', 1,
   6789678967896789);

INSERT INTO CUSTOMER (Id, First_Name, Last_Name, Email, Pass_Hash, Address_Id, Credit_Card_Number) VALUES
  (7, 'Izzy', 'Leung', 'xliangx@live.com', 'pbkdf2:sha1:1000$QD88GxJb$471b9b18b125b4022d10b06a0df5572308d209e0', 1,
   7890789078907890);

INSERT INTO CUSTOMER (Id, First_Name, Last_Name, Email, Pass_Hash, Address_Id, Credit_Card_Number) VALUES
  (8, 'Test_8', 'User_8', 'test.8@osu.edu', 'pbkdf2:sha1:1000$bZ6oL96E$629ec02ee5b84df78d3aeee2e0bbf5d66f0f72b5', 1,
   2086933024487716);

INSERT INTO CUSTOMER (Id, First_Name, Last_Name, Email, Pass_Hash, Address_Id, Credit_Card_Number) VALUES
  (9, 'Test_9', 'User_9', 'test.9@osu.edu', 'pbkdf2:sha1:1000$sIwRkRat$337fac6de5bbd75bba9dfc6b0f521227f80520f8', 9,
   3977480329117148);

INSERT INTO CUSTOMER (Id, First_Name, Last_Name, Email, Pass_Hash, Address_Id, Credit_Card_Number) VALUES
  (10, 'Test_10', 'User_10', 'test.10@osu.edu', 'pbkdf2:sha1:1000$GFu6W9Fu$937883a668d70c0f45d78f65a2db4d981ca20f69',
   10,
   1020788531832091);

INSERT INTO CUSTOMER (Id, First_Name, Last_Name, Email, Pass_Hash, Address_Id, Credit_Card_Number) VALUES
  (11, 'Test_11', 'User_11', 'test.11@osu.edu', 'pbkdf2:sha1:1000$6znRyPG8$e5775bfefae82df02955fd5732c49ae7bcb40f3e',
   11,
   7118699865064993);

INSERT INTO CUSTOMER (Id, First_Name, Last_Name, Email, Pass_Hash, Address_Id, Credit_Card_Number) VALUES
  (12, 'Test_12', 'User_12', 'test.12@osu.edu', 'pbkdf2:sha1:1000$kW5ykAvA$59ea539b20662f6e559ce71c5e3f2ef17767d094',
   12,
   9274393275767280);

INSERT INTO CUSTOMER (Id, First_Name, Last_Name, Email, Pass_Hash, Address_Id, Credit_Card_Number) VALUES
  (13, 'Test_13', 'User_13', 'test.13@osu.edu', 'pbkdf2:sha1:1000$w4wgoH5w$20fa9e8bf3464396534ff9de54dbd5cde7813c44',
   13,
   7142747742356947);

INSERT INTO CUSTOMER (Id, First_Name, Last_Name, Email, Pass_Hash, Address_Id, Credit_Card_Number) VALUES
  (14, 'Test_14', 'User_14', 'test.14@osu.edu', 'pbkdf2:sha1:1000$BBVc0aO4$098f152f27d83049ec8a20268b5677955b0c46ca',
   14,
   7581481926668491);

INSERT INTO CUSTOMER (Id, First_Name, Last_Name, Email, Pass_Hash, Address_Id, Credit_Card_Number) VALUES
  (15, 'Test_15', 'User_15', 'test.15@osu.edu', 'pbkdf2:sha1:1000$v6kU5odn$1c6a5feb6441101b4de06d41cd4967838c31b2a0',
   15,
   9783615757241209);

INSERT INTO CUSTOMER (Id, First_Name, Last_Name, Email, Pass_Hash, Address_Id, Credit_Card_Number) VALUES
  (16, 'Test_16', 'User_16', 'test.16@osu.edu', 'pbkdf2:sha1:1000$78OeGbsX$da5363c347b328ea6fecab12b4a3fa754d7fe0a1',
   16,
   3020630102993716);

INSERT INTO CUSTOMER (Id, First_Name, Last_Name, Email, Pass_Hash, Address_Id, Credit_Card_Number) VALUES
  (17, 'Test_17', 'User_17', 'test.17@osu.edu', 'pbkdf2:sha1:1000$3DFoc0Xv$c43bded839566964f1df645f8f8f0ed1d1646b1f',
   17,
   5034791761743797);

INSERT INTO CUSTOMER (Id, First_Name, Last_Name, Email, Pass_Hash, Address_Id, Credit_Card_Number) VALUES
  (18, 'Test_18', 'User_18', 'test.18@osu.edu', 'pbkdf2:sha1:1000$GoNSQHkP$a90ffe6c993f55cdcdd2aebc48369334da9359e2',
   18,
   6710040564782692);

INSERT INTO CUSTOMER (Id, First_Name, Last_Name, Email, Pass_Hash, Address_Id, Credit_Card_Number) VALUES
  (19, 'Test_19', 'User_19', 'test.19@osu.edu', 'pbkdf2:sha1:1000$X2WQs2lO$2b5fb631c8946b784b030b692bd4488ed31a7da7',
   19,
   8160409275624315);

INSERT INTO CUSTOMER (Id, First_Name, Last_Name, Email, Pass_Hash, Address_Id, Credit_Card_Number) VALUES
  (20, 'Test_20', 'User_20', 'test.20@osu.edu', 'pbkdf2:sha1:1000$4JAvIpJn$860b4eb5800a46f31d98f75ebf1261c291a4bcdf',
   20,
   6845411904995963);

INSERT INTO ORDERS (Id, Customer_Id, Book_ISBN, Quantity, Purchase_Date)
VALUES (1, 15, '1565924916', 5, '2015-07-20 12:00:00');

INSERT INTO ORDERS (Id, Customer_Id, Book_ISBN, Quantity, Purchase_Date)
VALUES (2, 7, '1880418568', 8, '2015-07-11 12:00:00');

INSERT INTO ORDERS (Id, Customer_Id, Book_ISBN, Quantity, Purchase_Date)
VALUES (3, 11, '0446606812', 6, '2015-07-12 12:00:00');

INSERT INTO ORDERS (Id, Customer_Id, Book_ISBN, Quantity, Purchase_Date)
VALUES (4, 17, '0471358983', 7, '2015-07-04 12:00:00');

INSERT INTO ORDERS (Id, Customer_Id, Book_ISBN, Quantity, Purchase_Date)
VALUES (5, 7, '0684848155', 6, '2015-07-20 12:00:00');

INSERT INTO ORDERS (Id, Customer_Id, Book_ISBN, Quantity, Purchase_Date)
VALUES (6, 19, '0060855925', 2, '2015-07-01 12:00:00');

INSERT INTO ORDERS (Id, Customer_Id, Book_ISBN, Quantity, Purchase_Date)
VALUES (7, 17, '0782140114', 7, '2015-07-03 12:00:00');

INSERT INTO ORDERS (Id, Customer_Id, Book_ISBN, Quantity, Purchase_Date)
VALUES (8, 4, '0787960756', 1, '2015-07-05 12:00:00');

INSERT INTO ORDERS (Id, Customer_Id, Book_ISBN, Quantity, Purchase_Date)
VALUES (9, 5, '0865659982', 3, '2015-07-03 12:00:00');

INSERT INTO ORDERS (Id, Customer_Id, Book_ISBN, Quantity, Purchase_Date)
VALUES (10, 14, '0743467523', 8, '2015-07-16 12:00:00');

INSERT INTO ORDERS (Id, Customer_Id, Book_ISBN, Quantity, Purchase_Date)
VALUES (11, 11, '0373218192', 8, '2015-07-12 12:00:00');

INSERT INTO ORDERS (Id, Customer_Id, Book_ISBN, Quantity, Purchase_Date)
VALUES (12, 2, '0446527793', 2, '2015-07-06 12:00:00');

INSERT INTO ORDERS (Id, Customer_Id, Book_ISBN, Quantity, Purchase_Date)
VALUES (13, 9, '0471200247', 4, '2015-07-10 12:00:00');

INSERT INTO ORDERS (Id, Customer_Id, Book_ISBN, Quantity, Purchase_Date)
VALUES (14, 8, '0684848155', 9, '2015-07-06 12:00:00');

INSERT INTO ORDERS (Id, Customer_Id, Book_ISBN, Quantity, Purchase_Date)
VALUES (15, 16, '0061020648', 3, '2015-07-18 12:00:00');

INSERT INTO ORDERS (Id, Customer_Id, Book_ISBN, Quantity, Purchase_Date)
VALUES (16, 10, '1861004486', 2, '2015-07-16 12:00:00');

INSERT INTO ORDERS (Id, Customer_Id, Book_ISBN, Quantity, Purchase_Date)
VALUES (17, 11, '0060855925', 7, '2015-07-04 12:00:00');

INSERT INTO ORDERS (Id, Customer_Id, Book_ISBN, Quantity, Purchase_Date)
VALUES (18, 17, '0262232197', 1, '2015-07-02 12:00:00');

INSERT INTO ORDERS (Id, Customer_Id, Book_ISBN, Quantity, Purchase_Date)
VALUES (19, 3, '0471391123', 8, '2015-07-07 12:00:00');

INSERT INTO ORDERS (Id, Customer_Id, Book_ISBN, Quantity, Purchase_Date)
VALUES (20, 2, '0060502935', 10, '2015-07-17 12:00:00');

INSERT INTO RATING (Customer_Id, Book_ISBN, Star_Count, Comment) VALUES (2, '0072315318', 1, 'Do not buy it');
INSERT INTO RATING (Customer_Id, Book_ISBN, Star_Count, Comment) VALUES (7, '0262024829', 1, 'Awful');
INSERT INTO RATING (Customer_Id, Book_ISBN, Star_Count, Comment) VALUES (1, '0060958405', 1, 'Waste of money');
INSERT INTO RATING (Customer_Id, Book_ISBN, Star_Count, Comment) VALUES (5, '0399149392', 1, 'I loathe it');
INSERT INTO RATING (Customer_Id, Book_ISBN, Star_Count, Comment) VALUES (6, '0385494246', 2, 'Keep away from it');
INSERT INTO RATING (Customer_Id, Book_ISBN, Star_Count, Comment) VALUES (3, '0865659982', 2, 'Better leave it alone');
INSERT INTO RATING (Customer_Id, Book_ISBN, Star_Count, Comment) VALUES (12, '0596004478', 2, 'So boring');
INSERT INTO RATING (Customer_Id, Book_ISBN, Star_Count, Comment) VALUES (13, '0262024829', 2, 'The style is nasty');
INSERT INTO RATING (Customer_Id, Book_ISBN, Star_Count, Comment) VALUES (11, '1590520734', 3, 'Just so so');
INSERT INTO RATING (Customer_Id, Book_ISBN, Star_Count, Comment) VALUES (4, '0385494327', 3, 'Acceptable');
INSERT INTO RATING (Customer_Id, Book_ISBN, Star_Count, Comment) VALUES (14, '0375508325', 3, 'Mediocre');
INSERT INTO RATING (Customer_Id, Book_ISBN, Star_Count, Comment) VALUES (15, '038572179X', 3, 'Worth a read');
INSERT INTO RATING (Customer_Id, Book_ISBN, Star_Count, Comment) VALUES (18, '0517576600', 4, 'Above average');
INSERT INTO RATING (Customer_Id, Book_ISBN, Star_Count, Comment) VALUES (10, '1561586196', 4, 'Good book after all');
INSERT INTO RATING (Customer_Id, Book_ISBN, Star_Count, Comment) VALUES (3, '0066214750', 4, 'Worth reading');
INSERT INTO RATING (Customer_Id, Book_ISBN, Star_Count, Comment) VALUES (18, '0060958405', 4, 'Kinda like it');
INSERT INTO RATING (Customer_Id, Book_ISBN, Star_Count, Comment) VALUES (20, '0345376595', 5, 'Incredible');
INSERT INTO RATING (Customer_Id, Book_ISBN, Star_Count, Comment) VALUES (8, '0471391123', 5, 'Absolutely brilliant');
INSERT INTO RATING (Customer_Id, Book_ISBN, Star_Count, Comment) VALUES (17, '0393319407', 5, 'Way beyond expectation');
INSERT INTO RATING (Customer_Id, Book_ISBN, Star_Count, Comment) VALUES (4, '0440237556', 5, 'You have to read it');
