INSERT INTO ADDRESS (Id, Name, Street_Address, City, State_Code, Zip)
VALUES (1, 'The Ohio State University', '281 W. Lane Ave', 'Columbus', 'OH', '43210');

INSERT INTO ADDRESS (Id, Name, Street_Address, City, State_Code, Zip)
VALUES (2, 'Thompson Library', '1858 Neil Ave', 'Columbus', 'OH', '43210');

INSERT INTO ADDRESS (Id, Name, Street_Address, City, State_Code, Zip)
VALUES (3, 'Eighteenth Avenue Library', '175 W. 18th Ave', 'Columbus', 'OH', '43210');

INSERT INTO ADDRESS (Id, Name, Street_Address, City, State_Code, Zip)
VALUES (4, 'Library Book Depository', '2700 Kenny Rd', 'Columbus', 'OH', '43210');

INSERT INTO ADDRESS (Id, Name, Street_Address, City, State_Code, Zip)
VALUES (5, 'Dreese Laboratories', '2015 Neil Ave', 'Columbus', 'OH', '43210');

INSERT INTO ADDRESS (Id, Name, Street_Address, City, State_Code, Zip)
VALUES (6, 'Caldwell Laboratory', '2024 Neil Ave', 'Columbus', 'OH', '43210');

INSERT INTO ADDRESS (Id, Name, Street_Address, City, State_Code, Zip)
VALUES (7, 'Baker Systems Engineering', '1971 Neil Ave', 'Columbus', 'OH', '43210');

INSERT INTO ADDRESS (Id, Name, Street_Address, City, State_Code, Zip)
VALUES (8, 'Bolz Hall', '2036 Neil Ave', 'Columbus', 'OH', '43210');

INSERT INTO ADDRESS (Id, Name, Street_Address, City, State_Code, Zip)
VALUES (9, 'Random Address 1', '610 Oak Avenue', 'Coatesville', 'PA', '19320');

INSERT INTO ADDRESS (Id, Name, Street_Address, City, State_Code, Zip)
VALUES (10, 'Random Address 2', '410 Howard Street', 'Washington', 'PA', '15301');

INSERT INTO ADDRESS (Id, Name, Street_Address, City, State_Code, Zip)
VALUES (11, 'Random Address 3', '402 State Street', 'Greensboro', 'NC', '27405');

INSERT INTO ADDRESS (Id, Name, Street_Address, City, State_Code, Zip)
VALUES (12, 'Random Address 4', '727 River Road', 'Cantonment', 'FL', '32533');

INSERT INTO ADDRESS (Id, Name, Street_Address, City, State_Code, Zip)
VALUES (13, 'Random Address 5', '754 Brown Street', 'Perrysburg', 'OH', '43551');

INSERT INTO ADDRESS (Id, Name, Street_Address, City, State_Code, Zip)
VALUES (14, 'Random Address 6', '493 Cedar Court', 'Casselberry', 'FL', '32707');

INSERT INTO ADDRESS (Id, Name, Street_Address, City, State_Code, Zip)
VALUES (15, 'Random Address 7', '975 3rd Avenue', 'Fond Du Lac', 'WI', '54935');

INSERT INTO ADDRESS (Id, Name, Street_Address, City, State_Code, Zip)
VALUES (16, 'Random Address 8', '536 Fawn Lane', 'Saint Charles', 'IL', '60174');

INSERT INTO ADDRESS (Id, Name, Street_Address, City, State_Code, Zip)
VALUES (17, 'Random Address 9', '113 Clark Street', 'Columbia', 'MD', '21044');

INSERT INTO ADDRESS (Id, Name, Street_Address, City, State_Code, Zip)
VALUES (18, 'Random Address 10', '575 High Street', 'Norwich', 'CT', '06360');

INSERT INTO ADDRESS (Id, Name, Street_Address, City, State_Code, Zip)
VALUES (19, 'Random Address 11', '848 King Street', 'Santa Clara', 'CA', '95050');

INSERT INTO ADDRESS (Id, Name, Street_Address, City, State_Code, Zip)
VALUES (20, 'Random Address 12', '415 7th Avenue', 'Evans', 'GA', '30809');


INSERT INTO WAREHOUSE (Id, Address_Id) VALUES (1, 2);
INSERT INTO WAREHOUSE (Id, Address_Id) VALUES (2, 3);
INSERT INTO WAREHOUSE (Id, Address_Id) VALUES (3, 4);
INSERT INTO WAREHOUSE (Id, Address_Id) VALUES (4, 5);
INSERT INTO WAREHOUSE (Id, Address_Id) VALUES (5, 6);
INSERT INTO WAREHOUSE (Id, Address_Id) VALUES (6, 7);
INSERT INTO WAREHOUSE (Id, Address_Id) VALUES (7, 8);
INSERT INTO WAREHOUSE (Id, Address_Id) VALUES (8, 8);
INSERT INTO WAREHOUSE (Id, Address_Id) VALUES (9, 10);
INSERT INTO WAREHOUSE (Id, Address_Id) VALUES (10, 11);
INSERT INTO WAREHOUSE (Id, Address_Id) VALUES (11, 12);
INSERT INTO WAREHOUSE (Id, Address_Id) VALUES (12, 13);
INSERT INTO WAREHOUSE (Id, Address_Id) VALUES (13, 14);
INSERT INTO WAREHOUSE (Id, Address_Id) VALUES (14, 15);
INSERT INTO WAREHOUSE (Id, Address_Id) VALUES (15, 16);
INSERT INTO WAREHOUSE (Id, Address_Id) VALUES (16, 17);
INSERT INTO WAREHOUSE (Id, Address_Id) VALUES (17, 18);
INSERT INTO WAREHOUSE (Id, Address_Id) VALUES (18, 19);
INSERT INTO WAREHOUSE (Id, Address_Id) VALUES (19, 20);
INSERT INTO WAREHOUSE (Id, Address_Id) VALUES (20, 12);

INSERT INTO STATE (Code, Name) VALUES ('AL', 'Alabama');
INSERT INTO STATE (Code, Name) VALUES ('AK', 'Alaska');
INSERT INTO STATE (Code, Name) VALUES ('AZ', 'Arizona');
INSERT INTO STATE (Code, Name) VALUES ('AR', 'Arkansas');
INSERT INTO STATE (Code, Name) VALUES ('CA', 'California');
INSERT INTO STATE (Code, Name) VALUES ('CO', 'Colorado');
INSERT INTO STATE (Code, Name) VALUES ('CT', 'Connecticut');
INSERT INTO STATE (Code, Name) VALUES ('DE', 'Delaware');
INSERT INTO STATE (Code, Name) VALUES ('FL', 'Florida');
INSERT INTO STATE (Code, Name) VALUES ('GA', 'Georgia');
INSERT INTO STATE (Code, Name) VALUES ('HI', 'Hawaii');
INSERT INTO STATE (Code, Name) VALUES ('ID', 'Idaho');
INSERT INTO STATE (Code, Name) VALUES ('IL', 'Illinois');
INSERT INTO STATE (Code, Name) VALUES ('IN', 'Indiana');
INSERT INTO STATE (Code, Name) VALUES ('IA', 'Iowa');
INSERT INTO STATE (Code, Name) VALUES ('KS', 'Kansas');
INSERT INTO STATE (Code, Name) VALUES ('KY', 'Kentucky');
INSERT INTO STATE (Code, Name) VALUES ('LA', 'Louisiana');
INSERT INTO STATE (Code, Name) VALUES ('ME', 'Maine');
INSERT INTO STATE (Code, Name) VALUES ('MD', 'Maryland');
INSERT INTO STATE (Code, Name) VALUES ('MA', 'Massachusetts');
INSERT INTO STATE (Code, Name) VALUES ('MI', 'Michigan');
INSERT INTO STATE (Code, Name) VALUES ('MN', 'Minnesota');
INSERT INTO STATE (Code, Name) VALUES ('MS', 'Mississippi');
INSERT INTO STATE (Code, Name) VALUES ('MO', 'Missouri');
INSERT INTO STATE (Code, Name) VALUES ('MT', 'Montana');
INSERT INTO STATE (Code, Name) VALUES ('NE', 'Nebraska');
INSERT INTO STATE (Code, Name) VALUES ('NV', 'Nevada');
INSERT INTO STATE (Code, Name) VALUES ('NH', 'New Hampshire');
INSERT INTO STATE (Code, Name) VALUES ('NJ', 'New Jersey');
INSERT INTO STATE (Code, Name) VALUES ('NM', 'New Mexico');
INSERT INTO STATE (Code, Name) VALUES ('NY', 'New York');
INSERT INTO STATE (Code, Name) VALUES ('NC', 'North Carolina');
INSERT INTO STATE (Code, Name) VALUES ('ND', 'North Dakota');
INSERT INTO STATE (Code, Name) VALUES ('OH', 'Ohio');
INSERT INTO STATE (Code, Name) VALUES ('OK', 'Oklahoma');
INSERT INTO STATE (Code, Name) VALUES ('OR', 'Oregon');
INSERT INTO STATE (Code, Name) VALUES ('PA', 'Pennsylvania');
INSERT INTO STATE (Code, Name) VALUES ('RI', 'Rhode Island');
INSERT INTO STATE (Code, Name) VALUES ('SC', 'South Carolina');
INSERT INTO STATE (Code, Name) VALUES ('SD', 'South Dakota');
INSERT INTO STATE (Code, Name) VALUES ('TN', 'Tennessee');
INSERT INTO STATE (Code, Name) VALUES ('TX', 'Texas');
INSERT INTO STATE (Code, Name) VALUES ('UT', 'Utah');
INSERT INTO STATE (Code, Name) VALUES ('VT', 'Vermont');
INSERT INTO STATE (Code, Name) VALUES ('VA', 'Virginia');
INSERT INTO STATE (Code, Name) VALUES ('WA', 'Washington');
INSERT INTO STATE (Code, Name) VALUES ('WV', 'West Virginia');
INSERT INTO STATE (Code, Name) VALUES ('WI', 'Wisconsin');
INSERT INTO STATE (Code, Name) VALUES ('WY', 'Wyoming');

INSERT INTO PUBLISHER (id, name) VALUES (1, 'Sybex');
INSERT INTO PUBLISHER (id, name) VALUES (2, 'McGraw-Hill Osborne Media');
INSERT INTO PUBLISHER (id, name) VALUES (3, 'John Wiley & Sons');
INSERT INTO PUBLISHER (id, name) VALUES (4, 'Morgan Kaufmann');
INSERT INTO PUBLISHER (id, name) VALUES (5, 'Schmidt Ink, Inc.');
INSERT INTO PUBLISHER (id, name) VALUES (6, 'Addison-Wesley Pub Co');
INSERT INTO PUBLISHER (id, name) VALUES (7, 'Macromedia Press');
INSERT INTO PUBLISHER (id, name) VALUES (8, 'Addison-Wesley Publishing');
INSERT INTO PUBLISHER (id, name) VALUES (9, 'Wrox Press Inc');
INSERT INTO PUBLISHER (id, name) VALUES (10, 'Berkley Pub Group');
INSERT INTO PUBLISHER (id, name) VALUES (11, 'Penguin USA');
INSERT INTO PUBLISHER (id, name) VALUES (12, 'O''Reilly & Associates');
INSERT INTO PUBLISHER (id, name) VALUES (13, 'McGraw-Hill Trade');
INSERT INTO PUBLISHER (id, name) VALUES (14, 'Picador');
INSERT INTO PUBLISHER (id, name) VALUES (15, 'St. Martin''s Press');
INSERT INTO PUBLISHER (id, name) VALUES (16, 'Crown Pub');
INSERT INTO PUBLISHER (id, name) VALUES (17, 'Little Brown & Company');
INSERT INTO PUBLISHER (id, name) VALUES (18, 'Simon & Schuster');
INSERT INTO PUBLISHER (id, name) VALUES (19, 'HarperCollins');
INSERT INTO PUBLISHER (id, name) VALUES (20, 'Jossey-Bass');
INSERT INTO PUBLISHER (id, name) VALUES (21, 'Multnomah Publishers Inc.');
INSERT INTO PUBLISHER (id, name) VALUES (22, 'Perennial');
INSERT INTO PUBLISHER (id, name) VALUES (23, 'Dell Pub Co');
INSERT INTO PUBLISHER (id, name) VALUES (24, 'Harlequin');
INSERT INTO PUBLISHER (id, name) VALUES (25, 'Viking Press');
INSERT INTO PUBLISHER (id, name) VALUES (26, 'Perseus Publishing');
INSERT INTO PUBLISHER (id, name) VALUES (27, 'Random House');
INSERT INTO PUBLISHER (id, name) VALUES (28, 'Knopf');
INSERT INTO PUBLISHER (id, name) VALUES (29, 'Wolfram Media, Inc.');
INSERT INTO PUBLISHER (id, name) VALUES (30, 'Fireside');
INSERT INTO PUBLISHER (id, name) VALUES (31, 'Random House Trade Paperbacks');
INSERT INTO PUBLISHER (id, name) VALUES (32, 'Gibbs Smith Publisher');
INSERT INTO PUBLISHER (id, name) VALUES (33, 'Taunton Pr');
INSERT INTO PUBLISHER (id, name) VALUES (34, 'Vendome Pr');
INSERT INTO PUBLISHER (id, name) VALUES (35, 'Clarkson N. Potter');
INSERT INTO PUBLISHER (id, name) VALUES (36, 'MIT Press');
INSERT INTO PUBLISHER (id, name) VALUES (37, 'McGraw-Hill/Irwin');
INSERT INTO PUBLISHER (id, name) VALUES (38, 'South-Western College Pub');
INSERT INTO PUBLISHER (id, name) VALUES (39, 'Prentice Hall');
INSERT INTO PUBLISHER (id, name) VALUES (40, 'Warner Books');
INSERT INTO PUBLISHER (id, name) VALUES (41, 'Scribner');
INSERT INTO PUBLISHER (id, name) VALUES (42, 'Pocket Books');
INSERT INTO PUBLISHER (id, name) VALUES (43, 'Pantheon Books');
INSERT INTO PUBLISHER (id, name) VALUES (44, 'Del Rey');
INSERT INTO PUBLISHER (id, name) VALUES (45, 'Doubleday');
INSERT INTO PUBLISHER (id, name) VALUES (46, 'Donald M. Grant Publisher, Inc.');
INSERT INTO PUBLISHER (id, name) VALUES (47, 'Vintage Books');
INSERT INTO PUBLISHER (id, name) VALUES (48, 'Scribner Paperback Fiction');
INSERT INTO PUBLISHER (id, name) VALUES (49, 'Harvest Books');
INSERT INTO PUBLISHER (id, name) VALUES (50, 'Harperperennial Library');
INSERT INTO PUBLISHER (id, name) VALUES (51, 'W.W. Norton & Company');
INSERT INTO PUBLISHER (id, name) VALUES (52, 'Harvard Univ Pr');
INSERT INTO PUBLISHER (id, name) VALUES (53, 'Prentice Hall PTR');
INSERT INTO PUBLISHER (id, name) VALUES (54, 'New Riders Publishing');
INSERT INTO PUBLISHER (id, name) VALUES (55, 'Ballantine Books');
INSERT INTO PUBLISHER (id, name) VALUES (56, 'Back Bay Books');
INSERT INTO PUBLISHER (id, name) VALUES (57, 'Anchor Books');
INSERT INTO PUBLISHER (id, name) VALUES (58, 'Putnam Pub Group');
INSERT INTO PUBLISHER (id, name) VALUES (59, 'Silhouette');
INSERT INTO PUBLISHER (id, name) VALUES (60, 'Lark Books');
INSERT INTO PUBLISHER (id, name) VALUES (61, 'Harper');

INSERT INTO CATEGORY (id, name) VALUES (1, 'Computer');
INSERT INTO CATEGORY (id, name) VALUES (2, 'Literature & Fiction');
INSERT INTO CATEGORY (id, name) VALUES (3, 'Accounting & Finance');
INSERT INTO CATEGORY (id, name) VALUES (4, 'Reference');
INSERT INTO CATEGORY (id, name) VALUES (5, 'Romance');
INSERT INTO CATEGORY (id, name) VALUES (6, 'Science');
INSERT INTO CATEGORY (id, name) VALUES (7, 'Home Design');
INSERT INTO CATEGORY (id, name) VALUES (8, 'Horror');
INSERT INTO CATEGORY (id, name) VALUES (9, 'Fantasy');
INSERT INTO CATEGORY (id, name) VALUES (10, 'Bibliography‎');
INSERT INTO CATEGORY (id, name) VALUES (11, 'Travel');
INSERT INTO CATEGORY (id, name) VALUES (12, 'Sports');
INSERT INTO CATEGORY (id, name) VALUES (13, 'Music');
INSERT INTO CATEGORY (id, name) VALUES (14, 'Family');
INSERT INTO CATEGORY (id, name) VALUES (15, 'Religion');
INSERT INTO CATEGORY (id, name) VALUES (16, 'Medical');
INSERT INTO CATEGORY (id, name) VALUES (17, 'Wine');
INSERT INTO CATEGORY (id, name) VALUES (18, 'Philosophy');
INSERT INTO CATEGORY (id, name) VALUES (19, 'Photography');
INSERT INTO CATEGORY (id, name) VALUES (20, 'Art');

INSERT INTO AUTHOR (Id, Name) VALUES (1, 'Chip Dawes');
INSERT INTO AUTHOR (Id, Name) VALUES (2, 'Biju Thomas');
INSERT INTO AUTHOR (Id, Name) VALUES (3, 'Doug Stuns');
INSERT INTO AUTHOR (Id, Name) VALUES (4, 'Matthew Weishan');
INSERT INTO AUTHOR (Id, Name) VALUES (5, 'Joseph C. Johnson');
INSERT INTO AUTHOR (Id, Name) VALUES (6, 'Brian Knight');
INSERT INTO AUTHOR (Id, Name) VALUES (7, 'Ralph Kimball');
INSERT INTO AUTHOR (Id, Name) VALUES (8, 'Margy Ross');
INSERT INTO AUTHOR (Id, Name) VALUES (9, 'Bill Mann');
INSERT INTO AUTHOR (Id, Name) VALUES (10, 'Ian H. Witten');
INSERT INTO AUTHOR (Id, Name) VALUES (11, 'Eibe Frank');
INSERT INTO AUTHOR (Id, Name) VALUES (12, 'Robert D. Schmidt');
INSERT INTO AUTHOR (Id, Name) VALUES (13, 'Ken Henderson');
INSERT INTO AUTHOR (Id, Name) VALUES (14, 'Paul Litwin');
INSERT INTO AUTHOR (Id, Name) VALUES (15, 'Ken Getz');
INSERT INTO AUTHOR (Id, Name) VALUES (16, 'Mike Gunderloy');
INSERT INTO AUTHOR (Id, Name) VALUES (17, 'Ben Forta');
INSERT INTO AUTHOR (Id, Name) VALUES (18, 'Nate Weiss');
INSERT INTO AUTHOR (Id, Name) VALUES (19, 'Leon Chalnick');
INSERT INTO AUTHOR (Id, Name) VALUES (20, 'Angela C. Buraglia');
INSERT INTO AUTHOR (Id, Name) VALUES (21, 'Ramez A. Elmasri');
INSERT INTO AUTHOR (Id, Name) VALUES (22, 'Shamkant B. Navathe');
INSERT INTO AUTHOR (Id, Name) VALUES (23, 'Rob Vieira');
INSERT INTO AUTHOR (Id, Name) VALUES (24, 'Paul DuBois');
INSERT INTO AUTHOR (Id, Name) VALUES (25, 'Laurell K. Hamilton');
INSERT INTO AUTHOR (Id, Name) VALUES (26, 'Sue Monk Kidd');
INSERT INTO AUTHOR (Id, Name) VALUES (27, 'Tara Calishain');
INSERT INTO AUTHOR (Id, Name) VALUES (28, 'Rael Dornfest');
INSERT INTO AUTHOR (Id, Name) VALUES (29, 'Jay P. Decima');
INSERT INTO AUTHOR (Id, Name) VALUES (30, 'Wladyslaw Szpilman');
INSERT INTO AUTHOR (Id, Name) VALUES (31, 'Roma Ligocka');
INSERT INTO AUTHOR (Id, Name) VALUES (32, 'Michael Cunningham');
INSERT INTO AUTHOR (Id, Name) VALUES (33, 'Larry Bossidy');
INSERT INTO AUTHOR (Id, Name) VALUES (34, 'Ram Charan');
INSERT INTO AUTHOR (Id, Name) VALUES (35, 'Charles Burck');
INSERT INTO AUTHOR (Id, Name) VALUES (36, 'James Patterson');
INSERT INTO AUTHOR (Id, Name) VALUES (37, 'Andrew Gross');
INSERT INTO AUTHOR (Id, Name) VALUES (38, 'Jeffery Deaver');
INSERT INTO AUTHOR (Id, Name) VALUES (39, 'Jacquelyn Mitchard');
INSERT INTO AUTHOR (Id, Name) VALUES (40, 'Patrick Lencioni');
INSERT INTO AUTHOR (Id, Name) VALUES (41, 'Dee Henderson');
INSERT INTO AUTHOR (Id, Name) VALUES (42, 'Ann Patchett');
INSERT INTO AUTHOR (Id, Name) VALUES (43, 'Karen Marie Moning');
INSERT INTO AUTHOR (Id, Name) VALUES (44, 'Suzanne Brockmann');
INSERT INTO AUTHOR (Id, Name) VALUES (45, 'Steven Pinker');
INSERT INTO AUTHOR (Id, Name) VALUES (46, 'Albert-L szl¢ Barab si');
INSERT INTO AUTHOR (Id, Name) VALUES (47, 'Edward Osborne Wilson');
INSERT INTO AUTHOR (Id, Name) VALUES (48, 'Stephen Wolfram');
INSERT INTO AUTHOR (Id, Name) VALUES (49, 'Harold McGee');
INSERT INTO AUTHOR (Id, Name) VALUES (50, 'Francis D. K. Ching');
INSERT INTO AUTHOR (Id, Name) VALUES (51, 'Cassandra Adams');
INSERT INTO AUTHOR (Id, Name) VALUES (52, 'Virginia McAlester');
INSERT INTO AUTHOR (Id, Name) VALUES (53, 'Lee McAlester');
INSERT INTO AUTHOR (Id, Name) VALUES (54, 'Bryan Burkhart');
INSERT INTO AUTHOR (Id, Name) VALUES (55, 'Allison Arieff');
INSERT INTO AUTHOR (Id, Name) VALUES (56, 'Ralph R. Kylloe');
INSERT INTO AUTHOR (Id, Name) VALUES (57, 'Leslie Plummer Clagett');
INSERT INTO AUTHOR (Id, Name) VALUES (58, 'Gerard Gefen');
INSERT INTO AUTHOR (Id, Name) VALUES (59, 'Christine Bastin');
INSERT INTO AUTHOR (Id, Name) VALUES (60, 'Jacques Evrard');
INSERT INTO AUTHOR (Id, Name) VALUES (61, 'Donald Kaufman');
INSERT INTO AUTHOR (Id, Name) VALUES (62, 'Taffy Dahl');
INSERT INTO AUTHOR (Id, Name) VALUES (63, 'Laurel Graeber');
INSERT INTO AUTHOR (Id, Name) VALUES (64, 'Tina Freeman');
INSERT INTO AUTHOR (Id, Name) VALUES (65, 'Simon Benninga');
INSERT INTO AUTHOR (Id, Name) VALUES (66, 'Benjamin Czaczkes');
INSERT INTO AUTHOR (Id, Name) VALUES (67, 'Mark Grinblatt');
INSERT INTO AUTHOR (Id, Name) VALUES (68, 'Sheridan Titman');
INSERT INTO AUTHOR (Id, Name) VALUES (69, 'Robert C. Higgins');
INSERT INTO AUTHOR (Id, Name) VALUES (70, 'Paul Marcus Fischer');
INSERT INTO AUTHOR (Id, Name) VALUES (71, 'William James Taylor');
INSERT INTO AUTHOR (Id, Name) VALUES (72, 'Rita Hartung Cheng');
INSERT INTO AUTHOR (Id, Name) VALUES (73, 'Donald E. Kieso');
INSERT INTO AUTHOR (Id, Name) VALUES (74, 'Jerry J. Weygandt');
INSERT INTO AUTHOR (Id, Name) VALUES (75, 'Terry D. Warfield');
INSERT INTO AUTHOR (Id, Name) VALUES (76, 'Lawrence Revsine');
INSERT INTO AUTHOR (Id, Name) VALUES (77, 'Daniel W. Collins');
INSERT INTO AUTHOR (Id, Name) VALUES (78, 'W. Bruce Johnson');
INSERT INTO AUTHOR (Id, Name) VALUES (79, 'Nicholas Sparks');
INSERT INTO AUTHOR (Id, Name) VALUES (80, 'Mary Higgins Clark');
INSERT INTO AUTHOR (Id, Name) VALUES (81, 'Don DeLillo');
INSERT INTO AUTHOR (Id, Name) VALUES (82, 'Stephen King');
INSERT INTO AUTHOR (Id, Name) VALUES (83, 'Mark Z. Danielewski');
INSERT INTO AUTHOR (Id, Name) VALUES (84, 'Michael Romkey');
INSERT INTO AUTHOR (Id, Name) VALUES (85, 'Chuck Palahniuk');
INSERT INTO AUTHOR (Id, Name) VALUES (86, 'Matthew Delaney');
INSERT INTO AUTHOR (Id, Name) VALUES (87, 'Bernie Wrightson');
INSERT INTO AUTHOR (Id, Name) VALUES (88, 'Jeffrey M. Wooldridge');
INSERT INTO AUTHOR (Id, Name) VALUES (89, 'Steven J. Root');
INSERT INTO AUTHOR (Id, Name) VALUES (90, 'Ken Coffman');
INSERT INTO AUTHOR (Id, Name) VALUES (91, 'Gerald Carter');
INSERT INTO AUTHOR (Id, Name) VALUES (92, 'Scott Kelby');
INSERT INTO AUTHOR (Id, Name) VALUES (93, 'B. J. Fogg');
INSERT INTO AUTHOR (Id, Name) VALUES (94, 'Michael Meyers');
INSERT INTO AUTHOR (Id, Name) VALUES (95, 'Carl Sagan');
INSERT INTO AUTHOR (Id, Name) VALUES (96, 'Alice Sebold');
INSERT INTO AUTHOR (Id, Name) VALUES (97, 'Ian McEwan');
INSERT INTO AUTHOR (Id, Name) VALUES (98, 'Nora Roberts');
INSERT INTO AUTHOR (Id, Name) VALUES (99, 'Andy Rae');
INSERT INTO AUTHOR (Id, Name) VALUES (100, 'Joseph Truini');
INSERT INTO AUTHOR (Id, Name) VALUES (101, 'Terry Pratchett');

INSERT INTO BOOK (ISBN, Title, Year, Price) VALUES ('0782140661', 'OCP: Oracle9i Certification Kit', 2002, 104);
INSERT INTO BOOK (ISBN, Title, Year, Price) VALUES ('0072227885', 'SQL Server 2000 for Experienced DBA''s', 2003, 34);
INSERT INTO BOOK (ISBN, Title, Year, Price) VALUES ('0471200247', 'The Data Warehouse Toolkit: The Complete Guide to Dimensional Modeling', 2002, 50);
INSERT INTO BOOK (ISBN, Title, Year, Price) VALUES ('0072227710', 'How To Do Everything with Your Tablet PC', 2003, 17);
INSERT INTO BOOK (ISBN, Title, Year, Price) VALUES ('1558605525', 'Data Mining: Practical Machine Learning Tools and Techniques with Java Implementations', 1999, 49);
INSERT INTO BOOK (ISBN, Title, Year, Price) VALUES ('0972263608', 'Creating Documents with BusinessObjects 5.1', 2002, 99);
INSERT INTO BOOK (ISBN, Title, Year, Price) VALUES ('0201615762', 'The Guru''s Guide to Transact-SQL', 2000, 38);
INSERT INTO BOOK (ISBN, Title, Year, Price) VALUES ('0782140114', 'Access 2002 Developer''s Handbook Set', 2001, 69);
INSERT INTO BOOK (ISBN, Title, Year, Price) VALUES ('0321125169', 'ColdFusion MX Web Application Construction Kit', 2002, 38);
INSERT INTO BOOK (ISBN, Title, Year, Price) VALUES ('0805317554', 'Fundamentals of Database Systems ', 1999, 95);
INSERT INTO BOOK (ISBN, Title, Year, Price) VALUES ('1861004486', 'Professional SQL Server 2000 Programming', 2000, 41);
INSERT INTO BOOK (ISBN, Title, Year, Price) VALUES ('0735712123', 'MySQL', 2003, 34);
INSERT INTO BOOK (ISBN, Title, Year, Price) VALUES ('0425188361', 'Cerulean Sins', 2003, 16);
INSERT INTO BOOK (ISBN, Title, Year, Price) VALUES ('0142001740', 'The Secret Life of Bees', 2003, 14);
INSERT INTO BOOK (ISBN, Title, Year, Price) VALUES ('0596004478', 'Google Hacks', 2003, 24);
INSERT INTO BOOK (ISBN, Title, Year, Price) VALUES ('0071414339', 'Investing in Fixer-Uppers : A Complete Guide to Buying Low, Fixing Smart, Adding Value, and Selling (or Renting) High', 2003, 18);
INSERT INTO BOOK (ISBN, Title, Year, Price) VALUES ('0312311354', 'The Pianist', 2003, 13);
INSERT INTO BOOK (ISBN, Title, Year, Price) VALUES ('0312287941', 'The Girl in the Red Coat: A Memoir', 2002, 25);
INSERT INTO BOOK (ISBN, Title, Year, Price) VALUES ('0312243022', 'The Hours', 2000, 3);
INSERT INTO BOOK (ISBN, Title, Year, Price) VALUES ('0609610570', 'Execution: The Discipline of Getting Things Done', 2002, 27);
INSERT INTO BOOK (ISBN, Title, Year, Price) VALUES ('0316602051', 'The Jester', 2003, 27);
INSERT INTO BOOK (ISBN, Title, Year, Price) VALUES ('0743222008', 'The Vanished Man: A Lincoln Rhyme Novel', 2003, 25);
INSERT INTO BOOK (ISBN, Title, Year, Price) VALUES ('0066214750', 'Twelve Times Blessed', 2003, 25);
INSERT INTO BOOK (ISBN, Title, Year, Price) VALUES ('0787960756', 'The Five Dysfunctions of a Team: A Leadership Fable', 2002, 13);
INSERT INTO BOOK (ISBN, Title, Year, Price) VALUES ('1590520734', 'The Rescuer: The O''Malley Series', 2003, 12);
INSERT INTO BOOK (ISBN, Title, Year, Price) VALUES ('0060934417', 'Bel Canto: A Novel', 2002, 13);
INSERT INTO BOOK (ISBN, Title, Year, Price) VALUES ('0440237556', 'The Dark Highlander', 2002, 6);
INSERT INTO BOOK (ISBN, Title, Year, Price) VALUES ('0373272839', 'Letters to Kelly', 2003, 4);
INSERT INTO BOOK (ISBN, Title, Year, Price) VALUES ('0670031518', 'The Blank Slate: The Modern Denial of Human Nature', 2002, 27);
INSERT INTO BOOK (ISBN, Title, Year, Price) VALUES ('0738206679', 'Linked: The New Science of Networks', 2002, 26);
INSERT INTO BOOK (ISBN, Title, Year, Price) VALUES ('067976867X', 'Consilience: The Unity of Knowledge', 1999, 15);
INSERT INTO BOOK (ISBN, Title, Year, Price) VALUES ('0679450785', 'The Future of Life', 2002, 22);
INSERT INTO BOOK (ISBN, Title, Year, Price) VALUES ('1579550088', 'A New Kind of Science', 2002, 44);
INSERT INTO BOOK (ISBN, Title, Year, Price) VALUES ('0684843285', 'ON FOOD AND COOKING', 1997, 22);
INSERT INTO BOOK (ISBN, Title, Year, Price) VALUES ('0471358983', 'Building Construction Illustrated', 2000, 40);
INSERT INTO BOOK (ISBN, Title, Year, Price) VALUES ('0394739698', 'A Field Guide to American Houses', 1984, 24);
INSERT INTO BOOK (ISBN, Title, Year, Price) VALUES ('1586851322', 'Prefab', 2002, 39);
INSERT INTO BOOK (ISBN, Title, Year, Price) VALUES ('1586851357', 'Cabins & Camps', 2002, 60);
INSERT INTO BOOK (ISBN, Title, Year, Price) VALUES ('156158648X', 'The New City Home: Smart Solutions for Metro Living', 2003, 24);
INSERT INTO BOOK (ISBN, Title, Year, Price) VALUES ('0865659982', 'Composers'' Houses', 1998, 50);
INSERT INTO BOOK (ISBN, Title, Year, Price) VALUES ('0517576600', 'Color: Natural Palettes for Painted Rooms', 1992, 50);
INSERT INTO BOOK (ISBN, Title, Year, Price) VALUES ('0262024829', 'Financial Modeling ', 2000, 70);
INSERT INTO BOOK (ISBN, Title, Year, Price) VALUES ('0072294337', 'Financial Markets & Corporate Strategy', 2001, 122);
INSERT INTO BOOK (ISBN, Title, Year, Price) VALUES ('0072315318', 'Analysis for Financial Management', 2000, 79);
INSERT INTO BOOK (ISBN, Title, Year, Price) VALUES ('0324107501', 'Advanced Accounting', 2001, 112);
INSERT INTO BOOK (ISBN, Title, Year, Price) VALUES ('0471363049', 'Intermediate Accounting', 2001, 139);
INSERT INTO BOOK (ISBN, Title, Year, Price) VALUES ('0130323519', 'Financial Reporting and Analysis ', 2001, 126);
INSERT INTO BOOK (ISBN, Title, Year, Price) VALUES ('0446527793', 'The Guardian', 2003, 24);
INSERT INTO BOOK (ISBN, Title, Year, Price) VALUES ('0743206061', 'The Second Time Around', 2003, 26);
INSERT INTO BOOK (ISBN, Title, Year, Price) VALUES ('0743244249', 'Cosmopolis: A Novel', 2003, 25);
INSERT INTO BOOK (ISBN, Title, Year, Price) VALUES ('0743467523', 'Dreamcatcher', 2003, 7);
INSERT INTO BOOK (ISBN, Title, Year, Price) VALUES ('0375703764', 'House of Leaves', 2000, 19);
INSERT INTO BOOK (ISBN, Title, Year, Price) VALUES ('0345452089', 'The Vampire''s Violin', 2003, 6);
INSERT INTO BOOK (ISBN, Title, Year, Price) VALUES ('0385504470', 'Lullaby: A Novel', 2002, 17);
INSERT INTO BOOK (ISBN, Title, Year, Price) VALUES ('0312276702', 'Jinn: A Novel', 2003, 24);
INSERT INTO BOOK (ISBN, Title, Year, Price) VALUES ('0743457358', 'Everything''s Eventual: 14 Dark Tales', 2002, 7);
INSERT INTO BOOK (ISBN, Title, Year, Price) VALUES ('1880418568', 'Wolves of the Calla ', 2003, 35);
INSERT INTO BOOK (ISBN, Title, Year, Price) VALUES ('0743455967', 'On Writing', 2002, 7);
INSERT INTO BOOK (ISBN, Title, Year, Price) VALUES ('0140077022', 'White Noise ', 1991, 14);
INSERT INTO BOOK (ISBN, Title, Year, Price) VALUES ('0679722955', 'The Names', 1989, 11);
INSERT INTO BOOK (ISBN, Title, Year, Price) VALUES ('0684848155', 'UNDERWORLD: A NOVEL', 1998, 16);
INSERT INTO BOOK (ISBN, Title, Year, Price) VALUES ('0471286168', 'Architecture: Form, Space, and Order', 1996, 39);
INSERT INTO BOOK (ISBN, Title, Year, Price) VALUES ('0471288217', 'A Visual Dictionary of Architecture', 1996, 39);
INSERT INTO BOOK (ISBN, Title, Year, Price) VALUES ('0156006219', 'The Magician''s Assistant', 1998, 13);
INSERT INTO BOOK (ISBN, Title, Year, Price) VALUES ('0060540753', 'Patron Saint of Liars', 2003, 13);
INSERT INTO BOOK (ISBN, Title, Year, Price) VALUES ('0393318486', 'How the Mind Works', 1999, 17);
INSERT INTO BOOK (ISBN, Title, Year, Price) VALUES ('0060958332', 'The Language Instinct: How the Mind Creates Language', 2000, 10);
INSERT INTO BOOK (ISBN, Title, Year, Price) VALUES ('0060958405', 'Words and Rules: The Ingredients of Language', 2000, 15);
INSERT INTO BOOK (ISBN, Title, Year, Price) VALUES ('0393319407', 'The Diversity of Life', 1999, 16);
INSERT INTO BOOK (ISBN, Title, Year, Price) VALUES ('067463442X', 'On Human Nature', 1988, 18);
INSERT INTO BOOK (ISBN, Title, Year, Price) VALUES ('0446608955', 'A Walk to Remember', 2000, 6);
INSERT INTO BOOK (ISBN, Title, Year, Price) VALUES ('0446676098', 'The Notebook', 1999, 12);
INSERT INTO BOOK (ISBN, Title, Year, Price) VALUES ('0446606812', 'Message in a Bottle', 1999, 7);
INSERT INTO BOOK (ISBN, Title, Year, Price) VALUES ('0262521415', 'Numerical Techniques in Finance', 1989, 35);
INSERT INTO BOOK (ISBN, Title, Year, Price) VALUES ('0262232197', 'Econometric Analysis of Cross Section and Panel Data', 2001, 74);
INSERT INTO BOOK (ISBN, Title, Year, Price) VALUES ('0324113641', 'Introductory Econometrics: A Modern Approach', 2002, 107);
INSERT INTO BOOK (ISBN, Title, Year, Price) VALUES ('0471391123', 'Beyond Coso : Internal Control to Enhance Corporate Governance', 2000, 50);
INSERT INTO BOOK (ISBN, Title, Year, Price) VALUES ('0130998516', 'Real World FPGA Design with Verilog', 1999, 83);
INSERT INTO BOOK (ISBN, Title, Year, Price) VALUES ('1565924916', 'Ldap System Administration', 2003, 39);
INSERT INTO BOOK (ISBN, Title, Year, Price) VALUES ('0735712360', 'The Photoshop Book for Digital Photographers', 2003, 39);
INSERT INTO BOOK (ISBN, Title, Year, Price) VALUES ('0735712379', 'Photoshop 7 Down & Dirty Tricks', 2002, 39);
INSERT INTO BOOK (ISBN, Title, Year, Price) VALUES ('0735713170', 'Mac OS X v. 10.2 Jaguar Killer Tips', 2002, 29);
INSERT INTO BOOK (ISBN, Title, Year, Price) VALUES ('1558606432', 'Persuasive Technology: Using Computers to Change What We Think and Do', 2002, 34);
INSERT INTO BOOK (ISBN, Title, Year, Price) VALUES ('0072222743', 'A+ Certification All-in-One Exam Guide', 2002, 59);
INSERT INTO BOOK (ISBN, Title, Year, Price) VALUES ('0345409469', 'The Demon-Haunted World: Science As a Candle in the Dark', 1997, 14);
INSERT INTO BOOK (ISBN, Title, Year, Price) VALUES ('0375508325', 'Cosmos', 2002, 35);
INSERT INTO BOOK (ISBN, Title, Year, Price) VALUES ('0345336895', 'Broca''s Brain: Reflections on the Romance of Science', 1993, 6);
INSERT INTO BOOK (ISBN, Title, Year, Price) VALUES ('0671004107', 'Contact', 1997, 7);
INSERT INTO BOOK (ISBN, Title, Year, Price) VALUES ('0345376595', 'Pale Blue Dot: A Vision of the Human Future in Space', 1997, 12);
INSERT INTO BOOK (ISBN, Title, Year, Price) VALUES ('0316666343', 'The Lovely Bones: A Novel', 2002, 21);
INSERT INTO BOOK (ISBN, Title, Year, Price) VALUES ('0316096199', 'Lucky: A Memoir', 2002, 11);
INSERT INTO BOOK (ISBN, Title, Year, Price) VALUES ('038572179X', 'Atonement', 2003, 14);
INSERT INTO BOOK (ISBN, Title, Year, Price) VALUES ('0385494246', 'Amsterdam', 1999, 12);
INSERT INTO BOOK (ISBN, Title, Year, Price) VALUES ('0385494327', 'Black Dogs', 1999, 14);
INSERT INTO BOOK (ISBN, Title, Year, Price) VALUES ('0385494149', 'Enduring Love', 1999, 13);
INSERT INTO BOOK (ISBN, Title, Year, Price) VALUES ('0399149848', 'Birthright', 2003, 25);
INSERT INTO BOOK (ISBN, Title, Year, Price) VALUES ('0373218192', 'Engaging The Enemy', 2003, 7);
INSERT INTO BOOK (ISBN, Title, Year, Price) VALUES ('0373218257', 'Love By Design', 2003, 14);
INSERT INTO BOOK (ISBN, Title, Year, Price) VALUES ('0399149392', 'Chesapeake Blue', 2002, 25);
INSERT INTO BOOK (ISBN, Title, Year, Price) VALUES ('1561584029', 'The Complete Illustrated Guide to Furniture and Cabinet Construction', 2001, 39);
INSERT INTO BOOK (ISBN, Title, Year, Price) VALUES ('1579902944', 'Choosing & Using Hand Tools', 2002, 19);
INSERT INTO BOOK (ISBN, Title, Year, Price) VALUES ('1561586196', 'Building a Shed', 2003, 19);
INSERT INTO BOOK (ISBN, Title, Year, Price) VALUES ('0061092177', 'Small Gods', 1994, 7);
INSERT INTO BOOK (ISBN, Title, Year, Price) VALUES ('0060502935', 'Going Postal', 2005, 7);
INSERT INTO BOOK (ISBN, Title, Year, Price) VALUES ('0061020656', 'Pyramids', 2001, 7);
INSERT INTO BOOK (ISBN, Title, Year, Price) VALUES ('0060855925', 'The Color of Magic', 2005, 13);
INSERT INTO BOOK (ISBN, Title, Year, Price) VALUES ('0061020648', 'Guards! Guards!', 2001, 7);
INSERT INTO BOOK (ISBN, Title, Year, Price) VALUES ('0061161721', 'Unseen Academicals', 2010, 7);

INSERT INTO BOOK_CATEGORY (Book_ISBN, Category_Id) VALUES ('0782140661', 1);
INSERT INTO BOOK_CATEGORY (Book_ISBN, Category_Id) VALUES ('0072227885', 1);
INSERT INTO BOOK_CATEGORY (Book_ISBN, Category_Id) VALUES ('0471200247', 1);
INSERT INTO BOOK_CATEGORY (Book_ISBN, Category_Id) VALUES ('0072227710', 1);
INSERT INTO BOOK_CATEGORY (Book_ISBN, Category_Id) VALUES ('1558605525', 1);
INSERT INTO BOOK_CATEGORY (Book_ISBN, Category_Id) VALUES ('0972263608', 1);
INSERT INTO BOOK_CATEGORY (Book_ISBN, Category_Id) VALUES ('0201615762', 1);
INSERT INTO BOOK_CATEGORY (Book_ISBN, Category_Id) VALUES ('0782140114', 1);
INSERT INTO BOOK_CATEGORY (Book_ISBN, Category_Id) VALUES ('0321125169', 1);
INSERT INTO BOOK_CATEGORY (Book_ISBN, Category_Id) VALUES ('0805317554', 1);
INSERT INTO BOOK_CATEGORY (Book_ISBN, Category_Id) VALUES ('1861004486', 1);
INSERT INTO BOOK_CATEGORY (Book_ISBN, Category_Id) VALUES ('0735712123', 1);
INSERT INTO BOOK_CATEGORY (Book_ISBN, Category_Id) VALUES ('0425188361', 2);
INSERT INTO BOOK_CATEGORY (Book_ISBN, Category_Id) VALUES ('0142001740', 2);
INSERT INTO BOOK_CATEGORY (Book_ISBN, Category_Id) VALUES ('0596004478', 1);
INSERT INTO BOOK_CATEGORY (Book_ISBN, Category_Id) VALUES ('0071414339', 3);
INSERT INTO BOOK_CATEGORY (Book_ISBN, Category_Id) VALUES ('0312311354', 2);
INSERT INTO BOOK_CATEGORY (Book_ISBN, Category_Id) VALUES ('0312287941', 2);
INSERT INTO BOOK_CATEGORY (Book_ISBN, Category_Id) VALUES ('0312243022', 2);
INSERT INTO BOOK_CATEGORY (Book_ISBN, Category_Id) VALUES ('0609610570', 4);
INSERT INTO BOOK_CATEGORY (Book_ISBN, Category_Id) VALUES ('0316602051', 2);
INSERT INTO BOOK_CATEGORY (Book_ISBN, Category_Id) VALUES ('0743222008', 2);
INSERT INTO BOOK_CATEGORY (Book_ISBN, Category_Id) VALUES ('0066214750', 2);
INSERT INTO BOOK_CATEGORY (Book_ISBN, Category_Id) VALUES ('0787960756', 3);
INSERT INTO BOOK_CATEGORY (Book_ISBN, Category_Id) VALUES ('1590520734', 5);
INSERT INTO BOOK_CATEGORY (Book_ISBN, Category_Id) VALUES ('0060934417', 5);
INSERT INTO BOOK_CATEGORY (Book_ISBN, Category_Id) VALUES ('0440237556', 5);
INSERT INTO BOOK_CATEGORY (Book_ISBN, Category_Id) VALUES ('0373272839', 5);
INSERT INTO BOOK_CATEGORY (Book_ISBN, Category_Id) VALUES ('0670031518', 6);
INSERT INTO BOOK_CATEGORY (Book_ISBN, Category_Id) VALUES ('0738206679', 6);
INSERT INTO BOOK_CATEGORY (Book_ISBN, Category_Id) VALUES ('067976867X', 6);
INSERT INTO BOOK_CATEGORY (Book_ISBN, Category_Id) VALUES ('0679450785', 6);
INSERT INTO BOOK_CATEGORY (Book_ISBN, Category_Id) VALUES ('1579550088', 6);
INSERT INTO BOOK_CATEGORY (Book_ISBN, Category_Id) VALUES ('0684843285', 6);
INSERT INTO BOOK_CATEGORY (Book_ISBN, Category_Id) VALUES ('0471358983', 7);
INSERT INTO BOOK_CATEGORY (Book_ISBN, Category_Id) VALUES ('0394739698', 7);
INSERT INTO BOOK_CATEGORY (Book_ISBN, Category_Id) VALUES ('1586851322', 7);
INSERT INTO BOOK_CATEGORY (Book_ISBN, Category_Id) VALUES ('1586851357', 7);
INSERT INTO BOOK_CATEGORY (Book_ISBN, Category_Id) VALUES ('156158648X', 7);
INSERT INTO BOOK_CATEGORY (Book_ISBN, Category_Id) VALUES ('0865659982', 7);
INSERT INTO BOOK_CATEGORY (Book_ISBN, Category_Id) VALUES ('0517576600', 7);
INSERT INTO BOOK_CATEGORY (Book_ISBN, Category_Id) VALUES ('0262024829', 3);
INSERT INTO BOOK_CATEGORY (Book_ISBN, Category_Id) VALUES ('0072294337', 3);
INSERT INTO BOOK_CATEGORY (Book_ISBN, Category_Id) VALUES ('0072315318', 3);
INSERT INTO BOOK_CATEGORY (Book_ISBN, Category_Id) VALUES ('0324107501', 3);
INSERT INTO BOOK_CATEGORY (Book_ISBN, Category_Id) VALUES ('0471363049', 3);
INSERT INTO BOOK_CATEGORY (Book_ISBN, Category_Id) VALUES ('0130323519', 3);
INSERT INTO BOOK_CATEGORY (Book_ISBN, Category_Id) VALUES ('0446527793', 2);
INSERT INTO BOOK_CATEGORY (Book_ISBN, Category_Id) VALUES ('0743206061', 2);
INSERT INTO BOOK_CATEGORY (Book_ISBN, Category_Id) VALUES ('0743206061', 3);
INSERT INTO BOOK_CATEGORY (Book_ISBN, Category_Id) VALUES ('0743244249', 2);
INSERT INTO BOOK_CATEGORY (Book_ISBN, Category_Id) VALUES ('0743467523', 8);
INSERT INTO BOOK_CATEGORY (Book_ISBN, Category_Id) VALUES ('0375703764', 8);
INSERT INTO BOOK_CATEGORY (Book_ISBN, Category_Id) VALUES ('0345452089', 8);
INSERT INTO BOOK_CATEGORY (Book_ISBN, Category_Id) VALUES ('0385504470', 8);
INSERT INTO BOOK_CATEGORY (Book_ISBN, Category_Id) VALUES ('0312276702', 8);
INSERT INTO BOOK_CATEGORY (Book_ISBN, Category_Id) VALUES ('0743457358', 8);
INSERT INTO BOOK_CATEGORY (Book_ISBN, Category_Id) VALUES ('1880418568', 8);
INSERT INTO BOOK_CATEGORY (Book_ISBN, Category_Id) VALUES ('0743455967', 8);
INSERT INTO BOOK_CATEGORY (Book_ISBN, Category_Id) VALUES ('0140077022', 2);
INSERT INTO BOOK_CATEGORY (Book_ISBN, Category_Id) VALUES ('0679722955', 2);
INSERT INTO BOOK_CATEGORY (Book_ISBN, Category_Id) VALUES ('0684848155', 2);
INSERT INTO BOOK_CATEGORY (Book_ISBN, Category_Id) VALUES ('0471286168', 7);
INSERT INTO BOOK_CATEGORY (Book_ISBN, Category_Id) VALUES ('0471288217', 7);
INSERT INTO BOOK_CATEGORY (Book_ISBN, Category_Id) VALUES ('0156006219', 5);
INSERT INTO BOOK_CATEGORY (Book_ISBN, Category_Id) VALUES ('0060540753', 5);
INSERT INTO BOOK_CATEGORY (Book_ISBN, Category_Id) VALUES ('0393318486', 6);
INSERT INTO BOOK_CATEGORY (Book_ISBN, Category_Id) VALUES ('0060958332', 6);
INSERT INTO BOOK_CATEGORY (Book_ISBN, Category_Id) VALUES ('0060958405', 6);
INSERT INTO BOOK_CATEGORY (Book_ISBN, Category_Id) VALUES ('0393319407', 6);
INSERT INTO BOOK_CATEGORY (Book_ISBN, Category_Id) VALUES ('067463442X', 6);
INSERT INTO BOOK_CATEGORY (Book_ISBN, Category_Id) VALUES ('0446608955', 2);
INSERT INTO BOOK_CATEGORY (Book_ISBN, Category_Id) VALUES ('0446676098', 2);
INSERT INTO BOOK_CATEGORY (Book_ISBN, Category_Id) VALUES ('0446606812', 2);
INSERT INTO BOOK_CATEGORY (Book_ISBN, Category_Id) VALUES ('0262521415', 3);
INSERT INTO BOOK_CATEGORY (Book_ISBN, Category_Id) VALUES ('0262232197', 3);
INSERT INTO BOOK_CATEGORY (Book_ISBN, Category_Id) VALUES ('0324113641', 3);
INSERT INTO BOOK_CATEGORY (Book_ISBN, Category_Id) VALUES ('0471391123', 3);
INSERT INTO BOOK_CATEGORY (Book_ISBN, Category_Id) VALUES ('0130998516', 1);
INSERT INTO BOOK_CATEGORY (Book_ISBN, Category_Id) VALUES ('1565924916', 1);
INSERT INTO BOOK_CATEGORY (Book_ISBN, Category_Id) VALUES ('0735712360', 1);
INSERT INTO BOOK_CATEGORY (Book_ISBN, Category_Id) VALUES ('0735712379', 1);
INSERT INTO BOOK_CATEGORY (Book_ISBN, Category_Id) VALUES ('0735713170', 1);
INSERT INTO BOOK_CATEGORY (Book_ISBN, Category_Id) VALUES ('1558606432', 1);
INSERT INTO BOOK_CATEGORY (Book_ISBN, Category_Id) VALUES ('0072222743', 1);
INSERT INTO BOOK_CATEGORY (Book_ISBN, Category_Id) VALUES ('0345409469', 6);
INSERT INTO BOOK_CATEGORY (Book_ISBN, Category_Id) VALUES ('0375508325', 6);
INSERT INTO BOOK_CATEGORY (Book_ISBN, Category_Id) VALUES ('0345336895', 6);
INSERT INTO BOOK_CATEGORY (Book_ISBN, Category_Id) VALUES ('0671004107', 6);
INSERT INTO BOOK_CATEGORY (Book_ISBN, Category_Id) VALUES ('0345376595', 6);
INSERT INTO BOOK_CATEGORY (Book_ISBN, Category_Id) VALUES ('0316666343', 2);
INSERT INTO BOOK_CATEGORY (Book_ISBN, Category_Id) VALUES ('0316096199', 2);
INSERT INTO BOOK_CATEGORY (Book_ISBN, Category_Id) VALUES ('038572179X', 2);
INSERT INTO BOOK_CATEGORY (Book_ISBN, Category_Id) VALUES ('0385494246', 2);
INSERT INTO BOOK_CATEGORY (Book_ISBN, Category_Id) VALUES ('0385494327', 2);
INSERT INTO BOOK_CATEGORY (Book_ISBN, Category_Id) VALUES ('0385494149', 2);
INSERT INTO BOOK_CATEGORY (Book_ISBN, Category_Id) VALUES ('0399149848', 2);
INSERT INTO BOOK_CATEGORY (Book_ISBN, Category_Id) VALUES ('0373218192', 2);
INSERT INTO BOOK_CATEGORY (Book_ISBN, Category_Id) VALUES ('0373218257', 2);
INSERT INTO BOOK_CATEGORY (Book_ISBN, Category_Id) VALUES ('0399149392', 2);
INSERT INTO BOOK_CATEGORY (Book_ISBN, Category_Id) VALUES ('1561584029', 7);
INSERT INTO BOOK_CATEGORY (Book_ISBN, Category_Id) VALUES ('1579902944', 7);
INSERT INTO BOOK_CATEGORY (Book_ISBN, Category_Id) VALUES ('1561586196', 7);
INSERT INTO BOOK_CATEGORY (Book_ISBN, Category_Id) VALUES ('0061092177', 9);
INSERT INTO BOOK_CATEGORY (Book_ISBN, Category_Id) VALUES ('0060502935', 9);
INSERT INTO BOOK_CATEGORY (Book_ISBN, Category_Id) VALUES ('0061020656', 9);
INSERT INTO BOOK_CATEGORY (Book_ISBN, Category_Id) VALUES ('0060855925', 9);
INSERT INTO BOOK_CATEGORY (Book_ISBN, Category_Id) VALUES ('0061020648', 9);
INSERT INTO BOOK_CATEGORY (Book_ISBN, Category_Id) VALUES ('0061161721', 9);

INSERT INTO BOOK_PUBLISHER (Book_ISBN, Publisher_Id) VALUES ('0782140661', 1);
INSERT INTO BOOK_PUBLISHER (Book_ISBN, Publisher_Id) VALUES ('0072227885', 2);
INSERT INTO BOOK_PUBLISHER (Book_ISBN, Publisher_Id) VALUES ('0471200247', 3);
INSERT INTO BOOK_PUBLISHER (Book_ISBN, Publisher_Id) VALUES ('0072227710', 2);
INSERT INTO BOOK_PUBLISHER (Book_ISBN, Publisher_Id) VALUES ('1558605525', 4);
INSERT INTO BOOK_PUBLISHER (Book_ISBN, Publisher_Id) VALUES ('0972263608', 5);
INSERT INTO BOOK_PUBLISHER (Book_ISBN, Publisher_Id) VALUES ('0201615762', 6);
INSERT INTO BOOK_PUBLISHER (Book_ISBN, Publisher_Id) VALUES ('0782140114', 1);
INSERT INTO BOOK_PUBLISHER (Book_ISBN, Publisher_Id) VALUES ('0321125169', 7);
INSERT INTO BOOK_PUBLISHER (Book_ISBN, Publisher_Id) VALUES ('0805317554', 8);
INSERT INTO BOOK_PUBLISHER (Book_ISBN, Publisher_Id) VALUES ('1861004486', 9);
INSERT INTO BOOK_PUBLISHER (Book_ISBN, Publisher_Id) VALUES ('0735712123', 8);
INSERT INTO BOOK_PUBLISHER (Book_ISBN, Publisher_Id) VALUES ('0425188361', 10);
INSERT INTO BOOK_PUBLISHER (Book_ISBN, Publisher_Id) VALUES ('0142001740', 11);
INSERT INTO BOOK_PUBLISHER (Book_ISBN, Publisher_Id) VALUES ('0596004478', 12);
INSERT INTO BOOK_PUBLISHER (Book_ISBN, Publisher_Id) VALUES ('0071414339', 13);
INSERT INTO BOOK_PUBLISHER (Book_ISBN, Publisher_Id) VALUES ('0312311354', 14);
INSERT INTO BOOK_PUBLISHER (Book_ISBN, Publisher_Id) VALUES ('0312287941', 15);
INSERT INTO BOOK_PUBLISHER (Book_ISBN, Publisher_Id) VALUES ('0312243022', 14);
INSERT INTO BOOK_PUBLISHER (Book_ISBN, Publisher_Id) VALUES ('0609610570', 16);
INSERT INTO BOOK_PUBLISHER (Book_ISBN, Publisher_Id) VALUES ('0316602051', 17);
INSERT INTO BOOK_PUBLISHER (Book_ISBN, Publisher_Id) VALUES ('0743222008', 18);
INSERT INTO BOOK_PUBLISHER (Book_ISBN, Publisher_Id) VALUES ('0066214750', 19);
INSERT INTO BOOK_PUBLISHER (Book_ISBN, Publisher_Id) VALUES ('0787960756', 20);
INSERT INTO BOOK_PUBLISHER (Book_ISBN, Publisher_Id) VALUES ('1590520734', 21);
INSERT INTO BOOK_PUBLISHER (Book_ISBN, Publisher_Id) VALUES ('0060934417', 22);
INSERT INTO BOOK_PUBLISHER (Book_ISBN, Publisher_Id) VALUES ('0440237556', 23);
INSERT INTO BOOK_PUBLISHER (Book_ISBN, Publisher_Id) VALUES ('0373272839', 24);
INSERT INTO BOOK_PUBLISHER (Book_ISBN, Publisher_Id) VALUES ('0670031518', 25);
INSERT INTO BOOK_PUBLISHER (Book_ISBN, Publisher_Id) VALUES ('0738206679', 26);
INSERT INTO BOOK_PUBLISHER (Book_ISBN, Publisher_Id) VALUES ('067976867X', 27);
INSERT INTO BOOK_PUBLISHER (Book_ISBN, Publisher_Id) VALUES ('0679450785', 28);
INSERT INTO BOOK_PUBLISHER (Book_ISBN, Publisher_Id) VALUES ('1579550088', 29);
INSERT INTO BOOK_PUBLISHER (Book_ISBN, Publisher_Id) VALUES ('0684843285', 30);
INSERT INTO BOOK_PUBLISHER (Book_ISBN, Publisher_Id) VALUES ('0471358983', 3);
INSERT INTO BOOK_PUBLISHER (Book_ISBN, Publisher_Id) VALUES ('0394739698', 31);
INSERT INTO BOOK_PUBLISHER (Book_ISBN, Publisher_Id) VALUES ('1586851322', 32);
INSERT INTO BOOK_PUBLISHER (Book_ISBN, Publisher_Id) VALUES ('1586851357', 32);
INSERT INTO BOOK_PUBLISHER (Book_ISBN, Publisher_Id) VALUES ('156158648X', 33);
INSERT INTO BOOK_PUBLISHER (Book_ISBN, Publisher_Id) VALUES ('0865659982', 34);
INSERT INTO BOOK_PUBLISHER (Book_ISBN, Publisher_Id) VALUES ('0517576600', 35);
INSERT INTO BOOK_PUBLISHER (Book_ISBN, Publisher_Id) VALUES ('0262024829', 36);
INSERT INTO BOOK_PUBLISHER (Book_ISBN, Publisher_Id) VALUES ('0072294337', 37);
INSERT INTO BOOK_PUBLISHER (Book_ISBN, Publisher_Id) VALUES ('0072315318', 37);
INSERT INTO BOOK_PUBLISHER (Book_ISBN, Publisher_Id) VALUES ('0324107501', 38);
INSERT INTO BOOK_PUBLISHER (Book_ISBN, Publisher_Id) VALUES ('0471363049', 3);
INSERT INTO BOOK_PUBLISHER (Book_ISBN, Publisher_Id) VALUES ('0130323519', 39);
INSERT INTO BOOK_PUBLISHER (Book_ISBN, Publisher_Id) VALUES ('0446527793', 40);
INSERT INTO BOOK_PUBLISHER (Book_ISBN, Publisher_Id) VALUES ('0743206061', 18);
INSERT INTO BOOK_PUBLISHER (Book_ISBN, Publisher_Id) VALUES ('0743244249', 41);
INSERT INTO BOOK_PUBLISHER (Book_ISBN, Publisher_Id) VALUES ('0743467523', 42);
INSERT INTO BOOK_PUBLISHER (Book_ISBN, Publisher_Id) VALUES ('0375703764', 43);
INSERT INTO BOOK_PUBLISHER (Book_ISBN, Publisher_Id) VALUES ('0345452089', 44);
INSERT INTO BOOK_PUBLISHER (Book_ISBN, Publisher_Id) VALUES ('0385504470', 45);
INSERT INTO BOOK_PUBLISHER (Book_ISBN, Publisher_Id) VALUES ('0312276702', 15);
INSERT INTO BOOK_PUBLISHER (Book_ISBN, Publisher_Id) VALUES ('0743457358', 42);
INSERT INTO BOOK_PUBLISHER (Book_ISBN, Publisher_Id) VALUES ('1880418568', 46);
INSERT INTO BOOK_PUBLISHER (Book_ISBN, Publisher_Id) VALUES ('0743455967', 42);
INSERT INTO BOOK_PUBLISHER (Book_ISBN, Publisher_Id) VALUES ('0140077022', 11);
INSERT INTO BOOK_PUBLISHER (Book_ISBN, Publisher_Id) VALUES ('0679722955', 47);
INSERT INTO BOOK_PUBLISHER (Book_ISBN, Publisher_Id) VALUES ('0684848155', 48);
INSERT INTO BOOK_PUBLISHER (Book_ISBN, Publisher_Id) VALUES ('0471286168', 3);
INSERT INTO BOOK_PUBLISHER (Book_ISBN, Publisher_Id) VALUES ('0471288217', 3);
INSERT INTO BOOK_PUBLISHER (Book_ISBN, Publisher_Id) VALUES ('0156006219', 49);
INSERT INTO BOOK_PUBLISHER (Book_ISBN, Publisher_Id) VALUES ('0060540753', 50);
INSERT INTO BOOK_PUBLISHER (Book_ISBN, Publisher_Id) VALUES ('0393318486', 51);
INSERT INTO BOOK_PUBLISHER (Book_ISBN, Publisher_Id) VALUES ('0060958332', 22);
INSERT INTO BOOK_PUBLISHER (Book_ISBN, Publisher_Id) VALUES ('0060958405', 22);
INSERT INTO BOOK_PUBLISHER (Book_ISBN, Publisher_Id) VALUES ('0393319407', 51);
INSERT INTO BOOK_PUBLISHER (Book_ISBN, Publisher_Id) VALUES ('067463442X', 52);
INSERT INTO BOOK_PUBLISHER (Book_ISBN, Publisher_Id) VALUES ('0446608955', 40);
INSERT INTO BOOK_PUBLISHER (Book_ISBN, Publisher_Id) VALUES ('0446676098', 40);
INSERT INTO BOOK_PUBLISHER (Book_ISBN, Publisher_Id) VALUES ('0446606812', 40);
INSERT INTO BOOK_PUBLISHER (Book_ISBN, Publisher_Id) VALUES ('0262521415', 36);
INSERT INTO BOOK_PUBLISHER (Book_ISBN, Publisher_Id) VALUES ('0262232197', 36);
INSERT INTO BOOK_PUBLISHER (Book_ISBN, Publisher_Id) VALUES ('0324113641', 38);
INSERT INTO BOOK_PUBLISHER (Book_ISBN, Publisher_Id) VALUES ('0471391123', 3);
INSERT INTO BOOK_PUBLISHER (Book_ISBN, Publisher_Id) VALUES ('0130998516', 53);
INSERT INTO BOOK_PUBLISHER (Book_ISBN, Publisher_Id) VALUES ('1565924916', 12);
INSERT INTO BOOK_PUBLISHER (Book_ISBN, Publisher_Id) VALUES ('0735712360', 54);
INSERT INTO BOOK_PUBLISHER (Book_ISBN, Publisher_Id) VALUES ('0735712379', 54);
INSERT INTO BOOK_PUBLISHER (Book_ISBN, Publisher_Id) VALUES ('0735713170', 54);
INSERT INTO BOOK_PUBLISHER (Book_ISBN, Publisher_Id) VALUES ('1558606432', 4);
INSERT INTO BOOK_PUBLISHER (Book_ISBN, Publisher_Id) VALUES ('0072222743', 2);
INSERT INTO BOOK_PUBLISHER (Book_ISBN, Publisher_Id) VALUES ('0345409469', 55);
INSERT INTO BOOK_PUBLISHER (Book_ISBN, Publisher_Id) VALUES ('0375508325', 27);
INSERT INTO BOOK_PUBLISHER (Book_ISBN, Publisher_Id) VALUES ('0345336895', 55);
INSERT INTO BOOK_PUBLISHER (Book_ISBN, Publisher_Id) VALUES ('0671004107', 42);
INSERT INTO BOOK_PUBLISHER (Book_ISBN, Publisher_Id) VALUES ('0345376595', 55);
INSERT INTO BOOK_PUBLISHER (Book_ISBN, Publisher_Id) VALUES ('0316666343', 17);
INSERT INTO BOOK_PUBLISHER (Book_ISBN, Publisher_Id) VALUES ('0316096199', 56);
INSERT INTO BOOK_PUBLISHER (Book_ISBN, Publisher_Id) VALUES ('038572179X', 57);
INSERT INTO BOOK_PUBLISHER (Book_ISBN, Publisher_Id) VALUES ('0385494246', 57);
INSERT INTO BOOK_PUBLISHER (Book_ISBN, Publisher_Id) VALUES ('0385494327', 57);
INSERT INTO BOOK_PUBLISHER (Book_ISBN, Publisher_Id) VALUES ('0385494149', 57);
INSERT INTO BOOK_PUBLISHER (Book_ISBN, Publisher_Id) VALUES ('0399149848', 58);
INSERT INTO BOOK_PUBLISHER (Book_ISBN, Publisher_Id) VALUES ('0373218192', 59);
INSERT INTO BOOK_PUBLISHER (Book_ISBN, Publisher_Id) VALUES ('0373218257', 24);
INSERT INTO BOOK_PUBLISHER (Book_ISBN, Publisher_Id) VALUES ('0399149392', 58);
INSERT INTO BOOK_PUBLISHER (Book_ISBN, Publisher_Id) VALUES ('1561584029', 33);
INSERT INTO BOOK_PUBLISHER (Book_ISBN, Publisher_Id) VALUES ('1579902944', 60);
INSERT INTO BOOK_PUBLISHER (Book_ISBN, Publisher_Id) VALUES ('1561586196', 33);
INSERT INTO BOOK_PUBLISHER (Book_ISBN, Publisher_Id) VALUES ('0061092177', 61);
INSERT INTO BOOK_PUBLISHER (Book_ISBN, Publisher_Id) VALUES ('0060502935', 61);
INSERT INTO BOOK_PUBLISHER (Book_ISBN, Publisher_Id) VALUES ('0061020656', 61);
INSERT INTO BOOK_PUBLISHER (Book_ISBN, Publisher_Id) VALUES ('0060855925', 61);
INSERT INTO BOOK_PUBLISHER (Book_ISBN, Publisher_Id) VALUES ('0061020648', 61);
INSERT INTO BOOK_PUBLISHER (Book_ISBN, Publisher_Id) VALUES ('0061161721', 61);

INSERT INTO BOOK_AUTHOR (Book_ISBN, Author_Id) VALUES ('0782140661', '1');
INSERT INTO BOOK_AUTHOR (Book_ISBN, Author_Id) VALUES ('0782140661', '2');
INSERT INTO BOOK_AUTHOR (Book_ISBN, Author_Id) VALUES ('0782140661', '3');
INSERT INTO BOOK_AUTHOR (Book_ISBN, Author_Id) VALUES ('0782140661', '4');
INSERT INTO BOOK_AUTHOR (Book_ISBN, Author_Id) VALUES ('0782140661', '5');
INSERT INTO BOOK_AUTHOR (Book_ISBN, Author_Id) VALUES ('0072227885', '6');
INSERT INTO BOOK_AUTHOR (Book_ISBN, Author_Id) VALUES ('0471200247', '7');
INSERT INTO BOOK_AUTHOR (Book_ISBN, Author_Id) VALUES ('0471200247', '8');
INSERT INTO BOOK_AUTHOR (Book_ISBN, Author_Id) VALUES ('0072227710', '9');
INSERT INTO BOOK_AUTHOR (Book_ISBN, Author_Id) VALUES ('1558605525', '10');
INSERT INTO BOOK_AUTHOR (Book_ISBN, Author_Id) VALUES ('1558605525', '11');
INSERT INTO BOOK_AUTHOR (Book_ISBN, Author_Id) VALUES ('0972263608', '12');
INSERT INTO BOOK_AUTHOR (Book_ISBN, Author_Id) VALUES ('0201615762', '13');
INSERT INTO BOOK_AUTHOR (Book_ISBN, Author_Id) VALUES ('0782140114', '14');
INSERT INTO BOOK_AUTHOR (Book_ISBN, Author_Id) VALUES ('0782140114', '15');
INSERT INTO BOOK_AUTHOR (Book_ISBN, Author_Id) VALUES ('0782140114', '16');
INSERT INTO BOOK_AUTHOR (Book_ISBN, Author_Id) VALUES ('0321125169', '17');
INSERT INTO BOOK_AUTHOR (Book_ISBN, Author_Id) VALUES ('0321125169', '18');
INSERT INTO BOOK_AUTHOR (Book_ISBN, Author_Id) VALUES ('0321125169', '19');
INSERT INTO BOOK_AUTHOR (Book_ISBN, Author_Id) VALUES ('0321125169', '20');
INSERT INTO BOOK_AUTHOR (Book_ISBN, Author_Id) VALUES ('0805317554', '21');
INSERT INTO BOOK_AUTHOR (Book_ISBN, Author_Id) VALUES ('0805317554', '22');
INSERT INTO BOOK_AUTHOR (Book_ISBN, Author_Id) VALUES ('1861004486', '23');
INSERT INTO BOOK_AUTHOR (Book_ISBN, Author_Id) VALUES ('0735712123', '24');
INSERT INTO BOOK_AUTHOR (Book_ISBN, Author_Id) VALUES ('0425188361', '25');
INSERT INTO BOOK_AUTHOR (Book_ISBN, Author_Id) VALUES ('0142001740', '26');
INSERT INTO BOOK_AUTHOR (Book_ISBN, Author_Id) VALUES ('0596004478', '27');
INSERT INTO BOOK_AUTHOR (Book_ISBN, Author_Id) VALUES ('0596004478', '28');
INSERT INTO BOOK_AUTHOR (Book_ISBN, Author_Id) VALUES ('0071414339', '29');
INSERT INTO BOOK_AUTHOR (Book_ISBN, Author_Id) VALUES ('0312311354', '30');
INSERT INTO BOOK_AUTHOR (Book_ISBN, Author_Id) VALUES ('0312287941', '31');
INSERT INTO BOOK_AUTHOR (Book_ISBN, Author_Id) VALUES ('0312243022', '32');
INSERT INTO BOOK_AUTHOR (Book_ISBN, Author_Id) VALUES ('0609610570', '33');
INSERT INTO BOOK_AUTHOR (Book_ISBN, Author_Id) VALUES ('0609610570', '34');
INSERT INTO BOOK_AUTHOR (Book_ISBN, Author_Id) VALUES ('0609610570', '35');
INSERT INTO BOOK_AUTHOR (Book_ISBN, Author_Id) VALUES ('0316602051', '36');
INSERT INTO BOOK_AUTHOR (Book_ISBN, Author_Id) VALUES ('0316602051', '37');
INSERT INTO BOOK_AUTHOR (Book_ISBN, Author_Id) VALUES ('0743222008', '38');
INSERT INTO BOOK_AUTHOR (Book_ISBN, Author_Id) VALUES ('0066214750', '39');
INSERT INTO BOOK_AUTHOR (Book_ISBN, Author_Id) VALUES ('0787960756', '40');
INSERT INTO BOOK_AUTHOR (Book_ISBN, Author_Id) VALUES ('1590520734', '41');
INSERT INTO BOOK_AUTHOR (Book_ISBN, Author_Id) VALUES ('0060934417', '42');
INSERT INTO BOOK_AUTHOR (Book_ISBN, Author_Id) VALUES ('0440237556', '43');
INSERT INTO BOOK_AUTHOR (Book_ISBN, Author_Id) VALUES ('0373272839', '44');
INSERT INTO BOOK_AUTHOR (Book_ISBN, Author_Id) VALUES ('0670031518', '45');
INSERT INTO BOOK_AUTHOR (Book_ISBN, Author_Id) VALUES ('0738206679', '46');
INSERT INTO BOOK_AUTHOR (Book_ISBN, Author_Id) VALUES ('067976867X', '47');
INSERT INTO BOOK_AUTHOR (Book_ISBN, Author_Id) VALUES ('0679450785', '47');
INSERT INTO BOOK_AUTHOR (Book_ISBN, Author_Id) VALUES ('1579550088', '48');
INSERT INTO BOOK_AUTHOR (Book_ISBN, Author_Id) VALUES ('0684843285', '49');
INSERT INTO BOOK_AUTHOR (Book_ISBN, Author_Id) VALUES ('0471358983', '50');
INSERT INTO BOOK_AUTHOR (Book_ISBN, Author_Id) VALUES ('0471358983', '51');
INSERT INTO BOOK_AUTHOR (Book_ISBN, Author_Id) VALUES ('0394739698', '52');
INSERT INTO BOOK_AUTHOR (Book_ISBN, Author_Id) VALUES ('0394739698', '53');
INSERT INTO BOOK_AUTHOR (Book_ISBN, Author_Id) VALUES ('1586851322', '54');
INSERT INTO BOOK_AUTHOR (Book_ISBN, Author_Id) VALUES ('1586851322', '55');
INSERT INTO BOOK_AUTHOR (Book_ISBN, Author_Id) VALUES ('1586851357', '56');
INSERT INTO BOOK_AUTHOR (Book_ISBN, Author_Id) VALUES ('156158648X', '57');
INSERT INTO BOOK_AUTHOR (Book_ISBN, Author_Id) VALUES ('0865659982', '58');
INSERT INTO BOOK_AUTHOR (Book_ISBN, Author_Id) VALUES ('0865659982', '59');
INSERT INTO BOOK_AUTHOR (Book_ISBN, Author_Id) VALUES ('0865659982', '60');
INSERT INTO BOOK_AUTHOR (Book_ISBN, Author_Id) VALUES ('0517576600', '61');
INSERT INTO BOOK_AUTHOR (Book_ISBN, Author_Id) VALUES ('0517576600', '62');
INSERT INTO BOOK_AUTHOR (Book_ISBN, Author_Id) VALUES ('0517576600', '63');
INSERT INTO BOOK_AUTHOR (Book_ISBN, Author_Id) VALUES ('0517576600', '64');
INSERT INTO BOOK_AUTHOR (Book_ISBN, Author_Id) VALUES ('0262024829', '65');
INSERT INTO BOOK_AUTHOR (Book_ISBN, Author_Id) VALUES ('0262024829', '66');
INSERT INTO BOOK_AUTHOR (Book_ISBN, Author_Id) VALUES ('0072294337', '67');
INSERT INTO BOOK_AUTHOR (Book_ISBN, Author_Id) VALUES ('0072294337', '68');
INSERT INTO BOOK_AUTHOR (Book_ISBN, Author_Id) VALUES ('0072315318', '69');
INSERT INTO BOOK_AUTHOR (Book_ISBN, Author_Id) VALUES ('0324107501', '70');
INSERT INTO BOOK_AUTHOR (Book_ISBN, Author_Id) VALUES ('0324107501', '71');
INSERT INTO BOOK_AUTHOR (Book_ISBN, Author_Id) VALUES ('0324107501', '72');
INSERT INTO BOOK_AUTHOR (Book_ISBN, Author_Id) VALUES ('0471363049', '73');
INSERT INTO BOOK_AUTHOR (Book_ISBN, Author_Id) VALUES ('0471363049', '74');
INSERT INTO BOOK_AUTHOR (Book_ISBN, Author_Id) VALUES ('0471363049', '75');
INSERT INTO BOOK_AUTHOR (Book_ISBN, Author_Id) VALUES ('0130323519', '76');
INSERT INTO BOOK_AUTHOR (Book_ISBN, Author_Id) VALUES ('0130323519', '77');
INSERT INTO BOOK_AUTHOR (Book_ISBN, Author_Id) VALUES ('0130323519', '78');
INSERT INTO BOOK_AUTHOR (Book_ISBN, Author_Id) VALUES ('0446527793', '79');
INSERT INTO BOOK_AUTHOR (Book_ISBN, Author_Id) VALUES ('0743206061', '80');
INSERT INTO BOOK_AUTHOR (Book_ISBN, Author_Id) VALUES ('0743244249', '81');
INSERT INTO BOOK_AUTHOR (Book_ISBN, Author_Id) VALUES ('0743467523', '82');
INSERT INTO BOOK_AUTHOR (Book_ISBN, Author_Id) VALUES ('0375703764', '83');
INSERT INTO BOOK_AUTHOR (Book_ISBN, Author_Id) VALUES ('0345452089', '84');
INSERT INTO BOOK_AUTHOR (Book_ISBN, Author_Id) VALUES ('0385504470', '85');
INSERT INTO BOOK_AUTHOR (Book_ISBN, Author_Id) VALUES ('0312276702', '86');
INSERT INTO BOOK_AUTHOR (Book_ISBN, Author_Id) VALUES ('0743457358', '82');
INSERT INTO BOOK_AUTHOR (Book_ISBN, Author_Id) VALUES ('1880418568', '82');
INSERT INTO BOOK_AUTHOR (Book_ISBN, Author_Id) VALUES ('1880418568', '87');
INSERT INTO BOOK_AUTHOR (Book_ISBN, Author_Id) VALUES ('0743455967', '82');
INSERT INTO BOOK_AUTHOR (Book_ISBN, Author_Id) VALUES ('0140077022', '81');
INSERT INTO BOOK_AUTHOR (Book_ISBN, Author_Id) VALUES ('0679722955', '81');
INSERT INTO BOOK_AUTHOR (Book_ISBN, Author_Id) VALUES ('0684848155', '81');
INSERT INTO BOOK_AUTHOR (Book_ISBN, Author_Id) VALUES ('0471286168', '50');
INSERT INTO BOOK_AUTHOR (Book_ISBN, Author_Id) VALUES ('0471288217', '50');
INSERT INTO BOOK_AUTHOR (Book_ISBN, Author_Id) VALUES ('0156006219', '42');
INSERT INTO BOOK_AUTHOR (Book_ISBN, Author_Id) VALUES ('0060540753', '42');
INSERT INTO BOOK_AUTHOR (Book_ISBN, Author_Id) VALUES ('0393318486', '45');
INSERT INTO BOOK_AUTHOR (Book_ISBN, Author_Id) VALUES ('0060958332', '45');
INSERT INTO BOOK_AUTHOR (Book_ISBN, Author_Id) VALUES ('0060958405', '45');
INSERT INTO BOOK_AUTHOR (Book_ISBN, Author_Id) VALUES ('0393319407', '47');
INSERT INTO BOOK_AUTHOR (Book_ISBN, Author_Id) VALUES ('067463442X', '47');
INSERT INTO BOOK_AUTHOR (Book_ISBN, Author_Id) VALUES ('0446608955', '79');
INSERT INTO BOOK_AUTHOR (Book_ISBN, Author_Id) VALUES ('0446676098', '79');
INSERT INTO BOOK_AUTHOR (Book_ISBN, Author_Id) VALUES ('0446606812', '79');
INSERT INTO BOOK_AUTHOR (Book_ISBN, Author_Id) VALUES ('0262521415', '65');
INSERT INTO BOOK_AUTHOR (Book_ISBN, Author_Id) VALUES ('0262232197', '88');
INSERT INTO BOOK_AUTHOR (Book_ISBN, Author_Id) VALUES ('0324113641', '88');
INSERT INTO BOOK_AUTHOR (Book_ISBN, Author_Id) VALUES ('0471391123', '89');
INSERT INTO BOOK_AUTHOR (Book_ISBN, Author_Id) VALUES ('0130998516', '90');
INSERT INTO BOOK_AUTHOR (Book_ISBN, Author_Id) VALUES ('1565924916', '91');
INSERT INTO BOOK_AUTHOR (Book_ISBN, Author_Id) VALUES ('0735712360', '92');
INSERT INTO BOOK_AUTHOR (Book_ISBN, Author_Id) VALUES ('0735712379', '92');
INSERT INTO BOOK_AUTHOR (Book_ISBN, Author_Id) VALUES ('0735713170', '92');
INSERT INTO BOOK_AUTHOR (Book_ISBN, Author_Id) VALUES ('1558606432', '93');
INSERT INTO BOOK_AUTHOR (Book_ISBN, Author_Id) VALUES ('0072222743', '94');
INSERT INTO BOOK_AUTHOR (Book_ISBN, Author_Id) VALUES ('0345409469', '95');
INSERT INTO BOOK_AUTHOR (Book_ISBN, Author_Id) VALUES ('0375508325', '95');
INSERT INTO BOOK_AUTHOR (Book_ISBN, Author_Id) VALUES ('0345336895', '95');
INSERT INTO BOOK_AUTHOR (Book_ISBN, Author_Id) VALUES ('0671004107', '95');
INSERT INTO BOOK_AUTHOR (Book_ISBN, Author_Id) VALUES ('0345376595', '95');
INSERT INTO BOOK_AUTHOR (Book_ISBN, Author_Id) VALUES ('0316666343', '96');
INSERT INTO BOOK_AUTHOR (Book_ISBN, Author_Id) VALUES ('0316096199', '96');
INSERT INTO BOOK_AUTHOR (Book_ISBN, Author_Id) VALUES ('038572179X', '97');
INSERT INTO BOOK_AUTHOR (Book_ISBN, Author_Id) VALUES ('0385494246', '97');
INSERT INTO BOOK_AUTHOR (Book_ISBN, Author_Id) VALUES ('0385494327', '97');
INSERT INTO BOOK_AUTHOR (Book_ISBN, Author_Id) VALUES ('0385494149', '97');
INSERT INTO BOOK_AUTHOR (Book_ISBN, Author_Id) VALUES ('0399149848', '98');
INSERT INTO BOOK_AUTHOR (Book_ISBN, Author_Id) VALUES ('0373218192', '98');
INSERT INTO BOOK_AUTHOR (Book_ISBN, Author_Id) VALUES ('0373218257', '98');
INSERT INTO BOOK_AUTHOR (Book_ISBN, Author_Id) VALUES ('0399149392', '98');
INSERT INTO BOOK_AUTHOR (Book_ISBN, Author_Id) VALUES ('1561584029', '99');
INSERT INTO BOOK_AUTHOR (Book_ISBN, Author_Id) VALUES ('1579902944', '99');
INSERT INTO BOOK_AUTHOR (Book_ISBN, Author_Id) VALUES ('1561586196', '100');
INSERT INTO BOOK_AUTHOR (Book_ISBN, Author_Id) VALUES ('0061092177', '101');
INSERT INTO BOOK_AUTHOR (Book_ISBN, Author_Id) VALUES ('0060502935', '101');
INSERT INTO BOOK_AUTHOR (Book_ISBN, Author_Id) VALUES ('0061020656', '101');
INSERT INTO BOOK_AUTHOR (Book_ISBN, Author_Id) VALUES ('0060855925', '101');
INSERT INTO BOOK_AUTHOR (Book_ISBN, Author_Id) VALUES ('0061020648', '101');
INSERT INTO BOOK_AUTHOR (Book_ISBN, Author_Id) VALUES ('0061161721', '101');

INSERT INTO BOOK_STOCK (Book_ISBN, Warehouse_Id, Quantity) VALUES ('0782140661', 6, 15);
INSERT INTO BOOK_STOCK (Book_ISBN, Warehouse_Id, Quantity) VALUES ('0072227885', 5, 41);
INSERT INTO BOOK_STOCK (Book_ISBN, Warehouse_Id, Quantity) VALUES ('0471200247', 4, 25);
INSERT INTO BOOK_STOCK (Book_ISBN, Warehouse_Id, Quantity) VALUES ('0072227710', 6, 56);
INSERT INTO BOOK_STOCK (Book_ISBN, Warehouse_Id, Quantity) VALUES ('1558605525', 7, 87);
INSERT INTO BOOK_STOCK (Book_ISBN, Warehouse_Id, Quantity) VALUES ('0972263608', 6, 26);
INSERT INTO BOOK_STOCK (Book_ISBN, Warehouse_Id, Quantity) VALUES ('0201615762', 6, 86);
INSERT INTO BOOK_STOCK (Book_ISBN, Warehouse_Id, Quantity) VALUES ('0782140114', 1, 84);
INSERT INTO BOOK_STOCK (Book_ISBN, Warehouse_Id, Quantity) VALUES ('0321125169', 2, 1);
INSERT INTO BOOK_STOCK (Book_ISBN, Warehouse_Id, Quantity) VALUES ('0805317554', 3, 8);
INSERT INTO BOOK_STOCK (Book_ISBN, Warehouse_Id, Quantity) VALUES ('1861004486', 7, 76);
INSERT INTO BOOK_STOCK (Book_ISBN, Warehouse_Id, Quantity) VALUES ('0735712123', 2, 70);
INSERT INTO BOOK_STOCK (Book_ISBN, Warehouse_Id, Quantity) VALUES ('0425188361', 6, 85);
INSERT INTO BOOK_STOCK (Book_ISBN, Warehouse_Id, Quantity) VALUES ('0142001740', 6, 58);
INSERT INTO BOOK_STOCK (Book_ISBN, Warehouse_Id, Quantity) VALUES ('0596004478', 4, 9);
INSERT INTO BOOK_STOCK (Book_ISBN, Warehouse_Id, Quantity) VALUES ('0071414339', 3, 44);
INSERT INTO BOOK_STOCK (Book_ISBN, Warehouse_Id, Quantity) VALUES ('0312311354', 1, 20);
INSERT INTO BOOK_STOCK (Book_ISBN, Warehouse_Id, Quantity) VALUES ('0312287941', 3, 33);
INSERT INTO BOOK_STOCK (Book_ISBN, Warehouse_Id, Quantity) VALUES ('0312243022', 1, 90);
INSERT INTO BOOK_STOCK (Book_ISBN, Warehouse_Id, Quantity) VALUES ('0609610570', 2, 25);
INSERT INTO BOOK_STOCK (Book_ISBN, Warehouse_Id, Quantity) VALUES ('0316602051', 4, 75);
INSERT INTO BOOK_STOCK (Book_ISBN, Warehouse_Id, Quantity) VALUES ('0743222008', 5, 10);
INSERT INTO BOOK_STOCK (Book_ISBN, Warehouse_Id, Quantity) VALUES ('0066214750', 4, 2);
INSERT INTO BOOK_STOCK (Book_ISBN, Warehouse_Id, Quantity) VALUES ('0787960756', 3, 86);
INSERT INTO BOOK_STOCK (Book_ISBN, Warehouse_Id, Quantity) VALUES ('1590520734', 2, 23);
INSERT INTO BOOK_STOCK (Book_ISBN, Warehouse_Id, Quantity) VALUES ('0060934417', 7, 25);
INSERT INTO BOOK_STOCK (Book_ISBN, Warehouse_Id, Quantity) VALUES ('0440237556', 6, 74);
INSERT INTO BOOK_STOCK (Book_ISBN, Warehouse_Id, Quantity) VALUES ('0373272839', 3, 0);
INSERT INTO BOOK_STOCK (Book_ISBN, Warehouse_Id, Quantity) VALUES ('0670031518', 2, 13);
INSERT INTO BOOK_STOCK (Book_ISBN, Warehouse_Id, Quantity) VALUES ('0738206679', 3, 74);
INSERT INTO BOOK_STOCK (Book_ISBN, Warehouse_Id, Quantity) VALUES ('067976867X', 3, 27);
INSERT INTO BOOK_STOCK (Book_ISBN, Warehouse_Id, Quantity) VALUES ('0679450785', 5, 41);
INSERT INTO BOOK_STOCK (Book_ISBN, Warehouse_Id, Quantity) VALUES ('1579550088', 5, 72);
INSERT INTO BOOK_STOCK (Book_ISBN, Warehouse_Id, Quantity) VALUES ('0684843285', 4, 26);
INSERT INTO BOOK_STOCK (Book_ISBN, Warehouse_Id, Quantity) VALUES ('0471358983', 2, 16);
INSERT INTO BOOK_STOCK (Book_ISBN, Warehouse_Id, Quantity) VALUES ('0394739698', 2, 35);
INSERT INTO BOOK_STOCK (Book_ISBN, Warehouse_Id, Quantity) VALUES ('1586851322', 6, 44);
INSERT INTO BOOK_STOCK (Book_ISBN, Warehouse_Id, Quantity) VALUES ('1586851357', 3, 0);
INSERT INTO BOOK_STOCK (Book_ISBN, Warehouse_Id, Quantity) VALUES ('156158648X', 6, 96);
INSERT INTO BOOK_STOCK (Book_ISBN, Warehouse_Id, Quantity) VALUES ('0865659982', 4, 41);
INSERT INTO BOOK_STOCK (Book_ISBN, Warehouse_Id, Quantity) VALUES ('0517576600', 5, 99);
INSERT INTO BOOK_STOCK (Book_ISBN, Warehouse_Id, Quantity) VALUES ('0262024829', 5, 61);
INSERT INTO BOOK_STOCK (Book_ISBN, Warehouse_Id, Quantity) VALUES ('0072294337', 4, 19);
INSERT INTO BOOK_STOCK (Book_ISBN, Warehouse_Id, Quantity) VALUES ('0072315318', 5, 43);
INSERT INTO BOOK_STOCK (Book_ISBN, Warehouse_Id, Quantity) VALUES ('0324107501', 6, 92);
INSERT INTO BOOK_STOCK (Book_ISBN, Warehouse_Id, Quantity) VALUES ('0471363049', 1, 59);
INSERT INTO BOOK_STOCK (Book_ISBN, Warehouse_Id, Quantity) VALUES ('0130323519', 6, 16);
INSERT INTO BOOK_STOCK (Book_ISBN, Warehouse_Id, Quantity) VALUES ('0446527793', 7, 30);
INSERT INTO BOOK_STOCK (Book_ISBN, Warehouse_Id, Quantity) VALUES ('0743206061', 2, 80);
INSERT INTO BOOK_STOCK (Book_ISBN, Warehouse_Id, Quantity) VALUES ('0743244249', 1, 13);
INSERT INTO BOOK_STOCK (Book_ISBN, Warehouse_Id, Quantity) VALUES ('0743467523', 3, 97);
INSERT INTO BOOK_STOCK (Book_ISBN, Warehouse_Id, Quantity) VALUES ('0375703764', 4, 81);
INSERT INTO BOOK_STOCK (Book_ISBN, Warehouse_Id, Quantity) VALUES ('0345452089', 2, 67);
INSERT INTO BOOK_STOCK (Book_ISBN, Warehouse_Id, Quantity) VALUES ('0385504470', 6, 59);
INSERT INTO BOOK_STOCK (Book_ISBN, Warehouse_Id, Quantity) VALUES ('0312276702', 4, 33);
INSERT INTO BOOK_STOCK (Book_ISBN, Warehouse_Id, Quantity) VALUES ('0743457358', 3, 56);
INSERT INTO BOOK_STOCK (Book_ISBN, Warehouse_Id, Quantity) VALUES ('1880418568', 1, 13);
INSERT INTO BOOK_STOCK (Book_ISBN, Warehouse_Id, Quantity) VALUES ('0743455967', 7, 91);
INSERT INTO BOOK_STOCK (Book_ISBN, Warehouse_Id, Quantity) VALUES ('0140077022', 6, 28);
INSERT INTO BOOK_STOCK (Book_ISBN, Warehouse_Id, Quantity) VALUES ('0679722955', 7, 1);
INSERT INTO BOOK_STOCK (Book_ISBN, Warehouse_Id, Quantity) VALUES ('0684848155', 7, 25);
INSERT INTO BOOK_STOCK (Book_ISBN, Warehouse_Id, Quantity) VALUES ('0471286168', 4, 48);
INSERT INTO BOOK_STOCK (Book_ISBN, Warehouse_Id, Quantity) VALUES ('0471288217', 4, 43);
INSERT INTO BOOK_STOCK (Book_ISBN, Warehouse_Id, Quantity) VALUES ('0156006219', 3, 84);
INSERT INTO BOOK_STOCK (Book_ISBN, Warehouse_Id, Quantity) VALUES ('0060540753', 6, 59);
INSERT INTO BOOK_STOCK (Book_ISBN, Warehouse_Id, Quantity) VALUES ('0393318486', 4, 1);
INSERT INTO BOOK_STOCK (Book_ISBN, Warehouse_Id, Quantity) VALUES ('0060958332', 6, 11);
INSERT INTO BOOK_STOCK (Book_ISBN, Warehouse_Id, Quantity) VALUES ('0060958405', 2, 34);
INSERT INTO BOOK_STOCK (Book_ISBN, Warehouse_Id, Quantity) VALUES ('0393319407', 6, 55);
INSERT INTO BOOK_STOCK (Book_ISBN, Warehouse_Id, Quantity) VALUES ('067463442X', 3, 84);
INSERT INTO BOOK_STOCK (Book_ISBN, Warehouse_Id, Quantity) VALUES ('0446608955', 4, 77);
INSERT INTO BOOK_STOCK (Book_ISBN, Warehouse_Id, Quantity) VALUES ('0446676098', 5, 92);
INSERT INTO BOOK_STOCK (Book_ISBN, Warehouse_Id, Quantity) VALUES ('0446606812', 3, 17);
INSERT INTO BOOK_STOCK (Book_ISBN, Warehouse_Id, Quantity) VALUES ('0262521415', 4, 75);
INSERT INTO BOOK_STOCK (Book_ISBN, Warehouse_Id, Quantity) VALUES ('0262232197', 2, 48);
INSERT INTO BOOK_STOCK (Book_ISBN, Warehouse_Id, Quantity) VALUES ('0324113641', 1, 10);
INSERT INTO BOOK_STOCK (Book_ISBN, Warehouse_Id, Quantity) VALUES ('0471391123', 1, 15);
INSERT INTO BOOK_STOCK (Book_ISBN, Warehouse_Id, Quantity) VALUES ('0130998516', 4, 61);
INSERT INTO BOOK_STOCK (Book_ISBN, Warehouse_Id, Quantity) VALUES ('1565924916', 2, 97);
INSERT INTO BOOK_STOCK (Book_ISBN, Warehouse_Id, Quantity) VALUES ('0735712360', 7, 65);
INSERT INTO BOOK_STOCK (Book_ISBN, Warehouse_Id, Quantity) VALUES ('0735712379', 1, 28);
INSERT INTO BOOK_STOCK (Book_ISBN, Warehouse_Id, Quantity) VALUES ('0735713170', 1, 52);
INSERT INTO BOOK_STOCK (Book_ISBN, Warehouse_Id, Quantity) VALUES ('1558606432', 3, 58);
INSERT INTO BOOK_STOCK (Book_ISBN, Warehouse_Id, Quantity) VALUES ('0072222743', 3, 23);
INSERT INTO BOOK_STOCK (Book_ISBN, Warehouse_Id, Quantity) VALUES ('0345409469', 1, 88);
INSERT INTO BOOK_STOCK (Book_ISBN, Warehouse_Id, Quantity) VALUES ('0375508325', 4, 58);
INSERT INTO BOOK_STOCK (Book_ISBN, Warehouse_Id, Quantity) VALUES ('0345336895', 4, 52);
INSERT INTO BOOK_STOCK (Book_ISBN, Warehouse_Id, Quantity) VALUES ('0671004107', 4, 73);
INSERT INTO BOOK_STOCK (Book_ISBN, Warehouse_Id, Quantity) VALUES ('0345376595', 5, 20);
INSERT INTO BOOK_STOCK (Book_ISBN, Warehouse_Id, Quantity) VALUES ('0316666343', 6, 90);
INSERT INTO BOOK_STOCK (Book_ISBN, Warehouse_Id, Quantity) VALUES ('0316096199', 3, 16);
INSERT INTO BOOK_STOCK (Book_ISBN, Warehouse_Id, Quantity) VALUES ('038572179X', 6, 89);
INSERT INTO BOOK_STOCK (Book_ISBN, Warehouse_Id, Quantity) VALUES ('0385494246', 1, 24);
INSERT INTO BOOK_STOCK (Book_ISBN, Warehouse_Id, Quantity) VALUES ('0385494327', 2, 3);
INSERT INTO BOOK_STOCK (Book_ISBN, Warehouse_Id, Quantity) VALUES ('0385494149', 6, 65);
INSERT INTO BOOK_STOCK (Book_ISBN, Warehouse_Id, Quantity) VALUES ('0399149848', 7, 78);
INSERT INTO BOOK_STOCK (Book_ISBN, Warehouse_Id, Quantity) VALUES ('0373218192', 4, 70);
INSERT INTO BOOK_STOCK (Book_ISBN, Warehouse_Id, Quantity) VALUES ('0373218257', 5, 77);
INSERT INTO BOOK_STOCK (Book_ISBN, Warehouse_Id, Quantity) VALUES ('0399149392', 4, 1);
INSERT INTO BOOK_STOCK (Book_ISBN, Warehouse_Id, Quantity) VALUES ('1561584029', 7, 91);
INSERT INTO BOOK_STOCK (Book_ISBN, Warehouse_Id, Quantity) VALUES ('1579902944', 3, 81);
INSERT INTO BOOK_STOCK (Book_ISBN, Warehouse_Id, Quantity) VALUES ('1561586196', 1, 47);
INSERT INTO BOOK_STOCK (Book_ISBN, Warehouse_Id, Quantity) VALUES ('0061092177', 2, 49);
INSERT INTO BOOK_STOCK (Book_ISBN, Warehouse_Id, Quantity) VALUES ('0060502935', 4, 99);
INSERT INTO BOOK_STOCK (Book_ISBN, Warehouse_Id, Quantity) VALUES ('0061020656', 4, 54);
INSERT INTO BOOK_STOCK (Book_ISBN, Warehouse_Id, Quantity) VALUES ('0060855925', 6, 50);
INSERT INTO BOOK_STOCK (Book_ISBN, Warehouse_Id, Quantity) VALUES ('0061020648', 4, 11);
INSERT INTO BOOK_STOCK (Book_ISBN, Warehouse_Id, Quantity) VALUES ('0061161721', 7, 63);


INSERT INTO CREDIT_CARD (Credit_Card_Number, CVV_Code, Billing_Address)
VALUES (1234123412341234, 123, 1);

INSERT INTO CREDIT_CARD (Credit_Card_Number, CVV_Code, Billing_Address)
VALUES (2345234523452345, 234, 1);

INSERT INTO CREDIT_CARD (Credit_Card_Number, CVV_Code, Billing_Address)
VALUES (3456345634563456, 345, 1);

INSERT INTO CREDIT_CARD (Credit_Card_Number, CVV_Code, Billing_Address)
VALUES (4567456745674567, 456, 1);

INSERT INTO CREDIT_CARD (Credit_Card_Number, CVV_Code, Billing_Address)
VALUES (5678567856785678, 567, 1);

INSERT INTO CREDIT_CARD (Credit_Card_Number, CVV_Code, Billing_Address)
VALUES (6789678967896789, 678, 1);

INSERT INTO CREDIT_CARD (Credit_Card_Number, CVV_Code, Billing_Address)
VALUES (7890789078907890, 789, 1);

INSERT INTO CREDIT_CARD (Credit_Card_Number, CVV_Code, Billing_Address)
VALUES (2086933024487716, 458, 1);

INSERT INTO CREDIT_CARD (Credit_Card_Number, CVV_Code, Billing_Address)
VALUES (3977480329117148, 160, 1);

INSERT INTO CREDIT_CARD (Credit_Card_Number, CVV_Code, Billing_Address)
VALUES (1020788531832091, 965, 1);

INSERT INTO CREDIT_CARD (Credit_Card_Number, CVV_Code, Billing_Address)
VALUES (7118699865064993, 097, 1);

INSERT INTO CREDIT_CARD (Credit_Card_Number, CVV_Code, Billing_Address)
VALUES (9274393275767280, 808, 1);

INSERT INTO CREDIT_CARD (Credit_Card_Number, CVV_Code, Billing_Address)
VALUES (7142747742356947, 761, 1);

INSERT INTO CREDIT_CARD (Credit_Card_Number, CVV_Code, Billing_Address)
VALUES (7581481926668491, 640, 1);

INSERT INTO CREDIT_CARD (Credit_Card_Number, CVV_Code, Billing_Address)
VALUES (9783615757241209, 399, 1);

INSERT INTO CREDIT_CARD (Credit_Card_Number, CVV_Code, Billing_Address)
VALUES (3020630102993716, 906, 1);

INSERT INTO CREDIT_CARD (Credit_Card_Number, CVV_Code, Billing_Address)
VALUES (5034791761743797, 725, 1);

INSERT INTO CREDIT_CARD (Credit_Card_Number, CVV_Code, Billing_Address)
VALUES (6710040564782692, 588, 1);

INSERT INTO CREDIT_CARD (Credit_Card_Number, CVV_Code, Billing_Address)
VALUES (8160409275624315, 619, 1);

INSERT INTO CREDIT_CARD (Credit_Card_Number, CVV_Code, Billing_Address)
VALUES (6845411904995963, 739, 1);


INSERT INTO CUSTOMER (Id, First_Name, Last_Name, Email, Pass_Hash, Address_Id, Credit_Card_Number) VALUES
  (1, 'Xiao', 'Liang', 'izzyliang@gmail.com', 'pbkdf2:sha1:1000$B8w6CiKl$4455e285f7cf63df5c967d7dc7dce5a257ab016e', 1,
   1234123412341234);

INSERT INTO CUSTOMER (Id, First_Name, Last_Name, Email, Pass_Hash, Address_Id, Credit_Card_Number) VALUES
  (2, 'Elliot', 'Lee', 'hylee101001@gmail.com', 'pbkdf2:sha1:1000$gtmSqePH$da7d04a49e28ee0ca8889cedd274bdb924925ec5', 1,
   2345234523452345);

INSERT INTO CUSTOMER (Id, First_Name, Last_Name, Email, Pass_Hash, Address_Id, Credit_Card_Number) VALUES
  (3, 'Yubin', 'He', 'he.922@osu.edu', 'pbkdf2:sha1:1000$hChw74MF$e69f56797ca5a035e490daf26709bd7e26a738a7', 1,
   3456345634563456);

INSERT INTO CUSTOMER (Id, First_Name, Last_Name, Email, Pass_Hash, Address_Id, Credit_Card_Number) VALUES
  (4, 'Kaiwen', 'Hu', 'm19930225@gmail.com', 'pbkdf2:sha1:1000$Q8qYCxxz$f488d963367874b916479ebfae6179d4239e426b', 1,
   4567456745674567);

INSERT INTO CUSTOMER (Id, First_Name, Last_Name, Email, Pass_Hash, Address_Id, Credit_Card_Number) VALUES
  (5, 'Rong', 'Chen', 'rongchen0905@gmail.com', 'pbkdf2:sha1:1000$mBcPaPgU$b14fb5cb52f3a8d4b05be164c90864f95a93f8b1',
   1, 5678567856785678);

INSERT INTO CUSTOMER (Id, First_Name, Last_Name, Email, Pass_Hash, Address_Id, Credit_Card_Number) VALUES
  (6, 'Yupeng', 'Zou', 'zou.172@osu.edu', 'pbkdf2:sha1:1000$L2o3WA9u$ce60b233bb40887672b00cfa497e9658dd495e10', 1,
   6789678967896789);

INSERT INTO CUSTOMER (Id, First_Name, Last_Name, Email, Pass_Hash, Address_Id, Credit_Card_Number) VALUES
  (7, 'Izzy', 'Leung', 'xliangx@live.com', 'pbkdf2:sha1:1000$QD88GxJb$471b9b18b125b4022d10b06a0df5572308d209e0', 1,
   7890789078907890);

INSERT INTO CUSTOMER (Id, First_Name, Last_Name, Email, Pass_Hash, Address_Id, Credit_Card_Number) VALUES
  (8, 'Test_8', 'User_8', 'test.8@osu.edu', 'pbkdf2:sha1:1000$bZ6oL96E$629ec02ee5b84df78d3aeee2e0bbf5d66f0f72b5', 1,
   2086933024487716);

INSERT INTO CUSTOMER (Id, First_Name, Last_Name, Email, Pass_Hash, Address_Id, Credit_Card_Number) VALUES
  (9, 'Test_9', 'User_9', 'test.9@osu.edu', 'pbkdf2:sha1:1000$sIwRkRat$337fac6de5bbd75bba9dfc6b0f521227f80520f8', 9,
   3977480329117148);

INSERT INTO CUSTOMER (Id, First_Name, Last_Name, Email, Pass_Hash, Address_Id, Credit_Card_Number) VALUES
  (10, 'Test_10', 'User_10', 'test.10@osu.edu', 'pbkdf2:sha1:1000$GFu6W9Fu$937883a668d70c0f45d78f65a2db4d981ca20f69', 10,
   1020788531832091);

INSERT INTO CUSTOMER (Id, First_Name, Last_Name, Email, Pass_Hash, Address_Id, Credit_Card_Number) VALUES
  (11, 'Test_11', 'User_11', 'test.11@osu.edu', 'pbkdf2:sha1:1000$6znRyPG8$e5775bfefae82df02955fd5732c49ae7bcb40f3e', 11,
   7118699865064993);

INSERT INTO CUSTOMER (Id, First_Name, Last_Name, Email, Pass_Hash, Address_Id, Credit_Card_Number) VALUES
  (12, 'Test_12', 'User_12', 'test.12@osu.edu', 'pbkdf2:sha1:1000$kW5ykAvA$59ea539b20662f6e559ce71c5e3f2ef17767d094', 12,
   9274393275767280);

INSERT INTO CUSTOMER (Id, First_Name, Last_Name, Email, Pass_Hash, Address_Id, Credit_Card_Number) VALUES
  (13, 'Test_13', 'User_13', 'test.13@osu.edu', 'pbkdf2:sha1:1000$w4wgoH5w$20fa9e8bf3464396534ff9de54dbd5cde7813c44', 13,
   7142747742356947);

INSERT INTO CUSTOMER (Id, First_Name, Last_Name, Email, Pass_Hash, Address_Id, Credit_Card_Number) VALUES
  (14, 'Test_14', 'User_14', 'test.14@osu.edu', 'pbkdf2:sha1:1000$BBVc0aO4$098f152f27d83049ec8a20268b5677955b0c46ca', 14,
   7581481926668491);

INSERT INTO CUSTOMER (Id, First_Name, Last_Name, Email, Pass_Hash, Address_Id, Credit_Card_Number) VALUES
  (15, 'Test_15', 'User_15', 'test.15@osu.edu', 'pbkdf2:sha1:1000$v6kU5odn$1c6a5feb6441101b4de06d41cd4967838c31b2a0', 15,
   9783615757241209);

INSERT INTO CUSTOMER (Id, First_Name, Last_Name, Email, Pass_Hash, Address_Id, Credit_Card_Number) VALUES
  (16, 'Test_16', 'User_16', 'test.16@osu.edu', 'pbkdf2:sha1:1000$78OeGbsX$da5363c347b328ea6fecab12b4a3fa754d7fe0a1', 16,
   3020630102993716);

INSERT INTO CUSTOMER (Id, First_Name, Last_Name, Email, Pass_Hash, Address_Id, Credit_Card_Number) VALUES
  (17, 'Test_17', 'User_17', 'test.17@osu.edu', 'pbkdf2:sha1:1000$3DFoc0Xv$c43bded839566964f1df645f8f8f0ed1d1646b1f', 17,
   5034791761743797);

INSERT INTO CUSTOMER (Id, First_Name, Last_Name, Email, Pass_Hash, Address_Id, Credit_Card_Number) VALUES
  (18, 'Test_18', 'User_18', 'test.18@osu.edu', 'pbkdf2:sha1:1000$GoNSQHkP$a90ffe6c993f55cdcdd2aebc48369334da9359e2', 18,
   6710040564782692);

INSERT INTO CUSTOMER (Id, First_Name, Last_Name, Email, Pass_Hash, Address_Id, Credit_Card_Number) VALUES
  (19, 'Test_19', 'User_19', 'test.19@osu.edu', 'pbkdf2:sha1:1000$X2WQs2lO$2b5fb631c8946b784b030b692bd4488ed31a7da7', 19,
   8160409275624315);

INSERT INTO CUSTOMER (Id, First_Name, Last_Name, Email, Pass_Hash, Address_Id, Credit_Card_Number) VALUES
  (20, 'Test_20', 'User_20', 'test.20@osu.edu', 'pbkdf2:sha1:1000$4JAvIpJn$860b4eb5800a46f31d98f75ebf1261c291a4bcdf', 20,
   6845411904995963);

INSERT INTO ORDERS (Id, Customer_Id, Book_ISBN, Quantity, Purchase_Date)
VALUES (1, 15, '1565924916', 5, '2015-07-20 12:00:00');

INSERT INTO ORDERS (Id, Customer_Id, Book_ISBN, Quantity, Purchase_Date)
VALUES (2, 7, '1880418568', 8, '2015-07-11 12:00:00');

INSERT INTO ORDERS (Id, Customer_Id, Book_ISBN, Quantity, Purchase_Date)
VALUES (3, 11, '0446606812', 6, '2015-07-12 12:00:00');

INSERT INTO ORDERS (Id, Customer_Id, Book_ISBN, Quantity, Purchase_Date)
VALUES (4, 17, '0471358983', 7, '2015-07-04 12:00:00');

INSERT INTO ORDERS (Id, Customer_Id, Book_ISBN, Quantity, Purchase_Date)
VALUES (5, 7, '0684848155', 6, '2015-07-20 12:00:00');

INSERT INTO ORDERS (Id, Customer_Id, Book_ISBN, Quantity, Purchase_Date)
VALUES (6, 19, '0060855925', 2, '2015-07-01 12:00:00');

INSERT INTO ORDERS (Id, Customer_Id, Book_ISBN, Quantity, Purchase_Date)
VALUES (7, 17, '0782140114', 7, '2015-07-03 12:00:00');

INSERT INTO ORDERS (Id, Customer_Id, Book_ISBN, Quantity, Purchase_Date)
VALUES (8, 4, '0787960756', 1, '2015-07-05 12:00:00');

INSERT INTO ORDERS (Id, Customer_Id, Book_ISBN, Quantity, Purchase_Date)
VALUES (9, 5, '0865659982', 3, '2015-07-03 12:00:00');

INSERT INTO ORDERS (Id, Customer_Id, Book_ISBN, Quantity, Purchase_Date)
VALUES (10, 14, '0743467523', 8, '2015-07-16 12:00:00');

INSERT INTO ORDERS (Id, Customer_Id, Book_ISBN, Quantity, Purchase_Date)
VALUES (11, 11, '0373218192', 8, '2015-07-12 12:00:00');

INSERT INTO ORDERS (Id, Customer_Id, Book_ISBN, Quantity, Purchase_Date)
VALUES (12, 2, '0446527793', 2, '2015-07-06 12:00:00');

INSERT INTO ORDERS (Id, Customer_Id, Book_ISBN, Quantity, Purchase_Date)
VALUES (13, 9, '0471200247', 4, '2015-07-10 12:00:00');

INSERT INTO ORDERS (Id, Customer_Id, Book_ISBN, Quantity, Purchase_Date)
VALUES (14, 8, '0684848155', 9, '2015-07-06 12:00:00');

INSERT INTO ORDERS (Id, Customer_Id, Book_ISBN, Quantity, Purchase_Date)
VALUES (15, 16, '0061020648', 3, '2015-07-18 12:00:00');

INSERT INTO ORDERS (Id, Customer_Id, Book_ISBN, Quantity, Purchase_Date)
VALUES (16, 10, '1861004486', 2, '2015-07-16 12:00:00');

INSERT INTO ORDERS (Id, Customer_Id, Book_ISBN, Quantity, Purchase_Date)
VALUES (17, 11, '0060855925', 7, '2015-07-04 12:00:00');

INSERT INTO ORDERS (Id, Customer_Id, Book_ISBN, Quantity, Purchase_Date)
VALUES (18, 17, '0262232197', 1, '2015-07-02 12:00:00');

INSERT INTO ORDERS (Id, Customer_Id, Book_ISBN, Quantity, Purchase_Date)
VALUES (19, 3, '0471391123', 8, '2015-07-07 12:00:00');

INSERT INTO ORDERS (Id, Customer_Id, Book_ISBN, Quantity, Purchase_Date)
VALUES (20, 2, '0060502935', 10, '2015-07-17 12:00:00');

INSERT INTO RATING (Customer_Id, Book_ISBN, Star_Count, Comment) VALUES (2, '0072315318', 1, 'Do not buy it');
INSERT INTO RATING (Customer_Id, Book_ISBN, Star_Count, Comment) VALUES (7, '0262024829', 1, 'Awful');
INSERT INTO RATING (Customer_Id, Book_ISBN, Star_Count, Comment) VALUES (1, '0060958405', 1, 'Waste of money');
INSERT INTO RATING (Customer_Id, Book_ISBN, Star_Count, Comment) VALUES (5, '0399149392', 1, 'I loathe it');
INSERT INTO RATING (Customer_Id, Book_ISBN, Star_Count, Comment) VALUES (6, '0385494246', 2, 'Keep away from it');
INSERT INTO RATING (Customer_Id, Book_ISBN, Star_Count, Comment) VALUES (3, '0865659982', 2, 'Better leave it alone');
INSERT INTO RATING (Customer_Id, Book_ISBN, Star_Count, Comment) VALUES (12, '0596004478', 2, 'So boring');
INSERT INTO RATING (Customer_Id, Book_ISBN, Star_Count, Comment) VALUES (13, '0262024829', 2, 'The style is nasty');
INSERT INTO RATING (Customer_Id, Book_ISBN, Star_Count, Comment) VALUES (11, '1590520734', 3, 'Just so so');
INSERT INTO RATING (Customer_Id, Book_ISBN, Star_Count, Comment) VALUES (4, '0385494327', 3, 'Acceptable');
INSERT INTO RATING (Customer_Id, Book_ISBN, Star_Count, Comment) VALUES (14, '0375508325', 3, 'Mediocre');
INSERT INTO RATING (Customer_Id, Book_ISBN, Star_Count, Comment) VALUES (15, '038572179X', 3, 'Worth a read');
INSERT INTO RATING (Customer_Id, Book_ISBN, Star_Count, Comment) VALUES (18, '0517576600', 4, 'Above average');
INSERT INTO RATING (Customer_Id, Book_ISBN, Star_Count, Comment) VALUES (10, '1561586196', 4, 'Good book after all');
INSERT INTO RATING (Customer_Id, Book_ISBN, Star_Count, Comment) VALUES (3, '0066214750', 4, 'Worth reading');
INSERT INTO RATING (Customer_Id, Book_ISBN, Star_Count, Comment) VALUES (18, '0060958405', 4, 'Kinda like it');
INSERT INTO RATING (Customer_Id, Book_ISBN, Star_Count, Comment) VALUES (20, '0345376595', 5, 'Incredible');
INSERT INTO RATING (Customer_Id, Book_ISBN, Star_Count, Comment) VALUES (8, '0471391123', 5, 'Absolutely brilliant');
INSERT INTO RATING (Customer_Id, Book_ISBN, Star_Count, Comment) VALUES (17, '0393319407', 5, 'Way beyond expectation');
INSERT INTO RATING (Customer_Id, Book_ISBN, Star_Count, Comment) VALUES (4, '0440237556', 5, 'You have to read it');